"Primary.species","Ortholog.species","Primary.symbol","Ortholog.symbol","Primary.species.DBID","Ortholog.species.DBID","Primary.Ensembl.ID","Ortholog.Ensembl.ID","Primary.NCBI.gene.ID","Ortholog.NCBI.gene.ID","Assertion.source.s."
"Human","Mouse","COMT","Comt","HGNC:2228","MGI:88470","ENSG00000093010","ENSMUSG00000000326",1312,12846,"EggNOG,NCBI,Ensembl,Inparanoid,Panther,HomoloGene,Treefam,HGNC,OrthoDB,OrthoMCL,OMA"
"Human","Mouse","LMNB1","Lmnb1","HGNC:6637","MGI:96795","ENSG00000113368","ENSMUSG00000024590",4001,16906,"Inparanoid,NCBI,Ensembl,EggNOG,OrthoMCL,PhylomeDB,OMA,OrthoDB,HGNC,Treefam,HomoloGene,Panther"
"Human","Mouse","LMNB1","Lmnb2","HGNC:6637","MGI:96796","ENSG00000113368","ENSMUSG00000062075",4001,16907,"OrthoMCL"
"Human","Mouse","PRICKLE2","Prickle2","HGNC:20340","MGI:1925144","ENSG00000163637","ENSMUSG00000030020",166336,243548,"OrthoMCL,OrthoDB,EggNOG,NCBI,OMA,HGNC,Treefam,Panther,HomoloGene,Ensembl,Inparanoid"
"Human","Mouse","PRICKLE2","Prickle1","HGNC:20340","MGI:1916034","ENSG00000163637","ENSMUSG00000036158",166336,106042,"OrthoMCL"
"Human","Mouse","SLC46A1","Slc46a1","HGNC:30521","MGI:1098733","ENSG00000076351","ENSMUSG00000020829",113235,52466,"OrthoDB,HGNC,NCBI,EggNOG,OrthoMCL,PhylomeDB,OMA,Panther,HomoloGene,Inparanoid,Ensembl"
"Human","Mouse","MKS1","Mks1","HGNC:7121","MGI:3584243","ENSG00000011143","ENSMUSG00000034121",54903,380718,"HomoloGene,Treefam,OrthoDB,HGNC,OrthoMCL,Ensembl,Inparanoid,Panther,PhylomeDB,OMA,NCBI,EggNOG"
"Human","Mouse","RPGRIP1L","Rpgrip1l","HGNC:29168","MGI:1920563","ENSG00000103494","ENSMUSG00000033282",23322,244585,"HomoloGene,OrthoMCL,Inparanoid,Panther,Ensembl,NCBI,OMA,OrthoDB,HGNC"
"Human","Mouse","GLDC","Gldc","HGNC:4313","MGI:1341155","ENSG00000178445","ENSMUSG00000024827",2731,104174,"EggNOG,NCBI,Ensembl,Inparanoid,Panther,OMA,PhylomeDB,HGNC,Treefam,OrthoDB,HomoloGene,OrthoMCL"
"Human","Mouse","GRHL3","Grhl3","HGNC:25839","MGI:2655333","ENSG00000158055","ENSMUSG00000037188",57822,230824,"Treefam,HGNC,OrthoMCL,OrthoDB,Ensembl,Panther,Inparanoid,HomoloGene,NCBI,EggNOG,OMA,PhylomeDB"
"Human","Mouse","NOTCH3","Notch3","HGNC:7883","MGI:99460","ENSG00000074181","ENSMUSG00000038146",4854,18131,"EggNOG,NCBI,Ensembl,Inparanoid,Panther,HomoloGene,Treefam,OrthoDB,HGNC,OrthoMCL,PhylomeDB,OMA"
"Human","Mouse","NOTCH3","Notch1","HGNC:7883","MGI:97363","ENSG00000074181","ENSMUSG00000026923",4854,18128,"OrthoMCL"
"Human","Mouse","NOTCH3","Notch2","HGNC:7883","MGI:97364","ENSG00000074181","ENSMUSG00000027878",4854,18129,"OrthoMCL"
"Human","Mouse","NOTCH3","Notch4","HGNC:7883","MGI:107471","ENSG00000074181","ENSMUSG00000015468",4854,18132,"OrthoMCL"
"Human","Mouse","MTHFD1L","Mthfd1l","HGNC:21055","MGI:1924836","ENSG00000120254","ENSMUSG00000040675",25902,270685,"OrthoMCL,HomoloGene,Panther,PhylomeDB,OMA,HGNC,Treefam,OrthoDB,NCBI,EggNOG,Ensembl,Inparanoid"
"Human","Mouse","MTHFD1L","Mthfd1","HGNC:21055","MGI:1342005","ENSG00000120254","ENSMUSG00000021048",25902,108156,"OrthoMCL"
"Human","Mouse","PTK7","Ptk7","HGNC:9618","MGI:1918711","ENSG00000112655","ENSMUSG00000023972",5754,71461,"Treefam,HGNC,OMA,PhylomeDB,OrthoDB,OrthoMCL,EggNOG,NCBI,Inparanoid,Ensembl,HomoloGene"
"Human","Mouse","SHROOM3","Shroom3","HGNC:30422","MGI:1351655","ENSG00000138771","ENSMUSG00000029381",57619,27428,"EggNOG,NCBI,Ensembl,OMA,PhylomeDB,HGNC,Treefam,OrthoDB,Inparanoid,Panther,HomoloGene,OrthoMCL"
"Human","Mouse","TMEM216","Tmem216","HGNC:25018","MGI:1920020","ENSG00000187049","ENSMUSG00000024667",51259,68642,"OrthoMCL,HomoloGene,NCBI,EggNOG,Inparanoid,Ensembl,Panther,OMA,HGNC,OrthoDB"
"Human","Mouse","TMEM67","Tmem67","HGNC:28396","MGI:1923928","ENSG00000164953","ENSMUSG00000049488",91147,329795,"HGNC,Treefam,OMA,PhylomeDB,HomoloGene,OrthoDB,OrthoMCL,Panther,Ensembl,Inparanoid,NCBI,EggNOG"
"Human","Mouse","CELSR1","Celsr1","HGNC:1850","MGI:1100883","ENSG00000075275","ENSMUSG00000016028",9620,12614,"EggNOG,NCBI,Ensembl,Inparanoid,Panther,HomoloGene,OrthoDB,HGNC,Treefam,OrthoMCL,OMA"
"Human","Mouse","CELSR1","Celsr2","HGNC:1850","MGI:1858235","ENSG00000075275","ENSMUSG00000068740",9620,53883,"OrthoMCL"
"Human","Mouse","CELSR1","Celsr3","HGNC:1850","MGI:1858236","ENSG00000075275","ENSMUSG00000023473",9620,107934,"OrthoMCL"
"Human","Mouse","DACT1","Dact1","HGNC:17748","MGI:1891740","ENSG00000165617","ENSMUSG00000044548",51339,59036,"Treefam,OrthoMCL,OrthoDB,PhylomeDB,OMA,EggNOG,NCBI,HGNC,Panther,HomoloGene,Inparanoid,Ensembl"
"Human","Mouse","PAX3","Pax3","HGNC:8617","MGI:97487","ENSG00000135903","ENSMUSG00000004872",5077,18505,"NCBI,EggNOG,OrthoMCL,HomoloGene,Panther,Ensembl,Inparanoid,OMA,PhylomeDB,HGNC,OrthoDB,Treefam"
"Human","Mouse","PAX3","Pax7","HGNC:8617","MGI:97491","ENSG00000135903","ENSMUSG00000028736",5077,18509,"OrthoDB,OrthoMCL"
"Human","Mouse","VANGL2","Vangl2","HGNC:15511","MGI:2135272","ENSG00000162738","ENSMUSG00000026556",57216,93840,"Ensembl,Inparanoid,Treefam,Panther,HGNC,HomoloGene,OrthoDB,OrthoMCL,OMA,EggNOG,NCBI"
"Human","Mouse","VANGL2","Vangl1","HGNC:15511","MGI:2159344","ENSG00000162738","ENSMUSG00000027860",57216,229658,"OrthoDB,OrthoMCL"
"Human","Mouse","MTHFR","Mthfr","HGNC:7436","MGI:106639","ENSG00000177000","ENSMUSG00000029009",4524,17769,"HomoloGene,OrthoDB,HGNC,Treefam,OrthoMCL,Inparanoid,Ensembl,Panther,OMA,NCBI,EggNOG"
"Human","Mouse","MTHFD1","Mthfd1","HGNC:7432","MGI:1342005","ENSG00000100714","ENSMUSG00000021048",4522,108156,"HGNC,Treefam,OrthoDB,NCBI,Ensembl,Inparanoid,OrthoMCL,Panther,HomoloGene,OMA"
"Human","Mouse","MTHFD1","Mthfd1l","HGNC:7432","MGI:1924836","ENSG00000100714","ENSMUSG00000040675",4522,270685,"OrthoMCL"
"Human","Mouse","SCRIB","Scrib","HGNC:30377","MGI:2145950","ENSG00000180900","ENSMUSG00000022568",23513,105782,"Inparanoid,Panther,Ensembl,PhylomeDB,OMA,OrthoMCL,HGNC,OrthoDB,Treefam,EggNOG,NCBI,HomoloGene"
"Human","Mouse","SCRIB","Lrrc1","HGNC:30377","MGI:2442313","ENSG00000180900","ENSMUSG00000032352",23513,214345,"OrthoMCL"
"Human","Mouse","FZD4","Fzd4","HGNC:4042","MGI:108520","ENSG00000174804","ENSMUSG00000049791",8322,14366,"PhylomeDB,OMA,Panther,HomoloGene,OrthoMCL,OrthoDB,NCBI,EggNOG,Inparanoid,Ensembl,HGNC,Treefam"
"Human","Mouse","SOX3","Sox3","HGNC:11199","MGI:98365","ENSG00000134595","ENSMUSG00000045179",6658,20675,"EggNOG,NCBI,Ensembl,OMA,PhylomeDB,OrthoDB,OrthoMCL,HomoloGene,Treefam,HGNC,Panther,Inparanoid"
"Human","Mouse","SOX3","Sox8","HGNC:11199","MGI:98370","ENSG00000134595","ENSMUSG00000024176",6658,20681,"Treefam"
"Human","Mouse","SOX3","Sox9","HGNC:11199","MGI:98371","ENSG00000134595","ENSMUSG00000000567",6658,20682,"Treefam"
"Human","Mouse","SHMT1","Shmt1","HGNC:10850","MGI:98299","ENSG00000176974","ENSMUSG00000020534",6470,20425,"HomoloGene,HGNC,EggNOG,NCBI,Treefam,OMA,Panther,Inparanoid,Ensembl,OrthoDB,OrthoMCL"
"Human","Mouse","FUZ","Fuz","HGNC:26219","MGI:1917550","ENSG00000010361","ENSMUSG00000011658",80199,70300,"EggNOG,NCBI,Ensembl,Inparanoid,Panther,HomoloGene,OrthoDB,Treefam,HGNC,OrthoMCL,PhylomeDB,OMA"
"Human","Mouse","VANGL1","Vangl1","HGNC:15512","MGI:2159344","ENSG00000173218","ENSMUSG00000027860",81839,229658,"OrthoDB,Panther,HomoloGene,HGNC,NCBI,EggNOG,Inparanoid,Ensembl,Treefam,OrthoMCL,OMA,PhylomeDB"
"Human","Mouse","VANGL1","Vangl2","HGNC:15512","MGI:2135272","ENSG00000173218","ENSMUSG00000026556",81839,93840,"OrthoMCL,OrthoDB"
"Human","Mouse","TBXT","T","HGNC:11515","MGI:98472","ENSG00000164458","ENSMUSG00000062327",6862,20997,"OrthoDB,OrthoMCL,Treefam,HomoloGene,HGNC,Panther,EggNOG,OMA,PhylomeDB,Inparanoid,Ensembl"
"Human","Mouse","TBXT","Tbx19","HGNC:11515","MGI:1891158","ENSG00000164458","ENSMUSG00000026572",6862,83993,"OrthoDB"
"Human","Mouse","FZD6","Fzd6","HGNC:4044","MGI:108474","ENSG00000164930","ENSMUSG00000022297",8323,14368,"NCBI,EggNOG,OMA,PhylomeDB,OrthoMCL,HGNC,OrthoDB,Treefam,Inparanoid,Ensembl,Panther,HomoloGene"
"Human","Mouse","FZD6","Fzd3","HGNC:4044","MGI:108476","ENSG00000164930","ENSMUSG00000007989",8323,14365,"OrthoMCL"
"Human","Mouse","FZD3","Fzd3","HGNC:4041","MGI:108476","ENSG00000104290","ENSMUSG00000007989",7976,14365,"OrthoMCL,NCBI,EggNOG,Panther,HomoloGene,Treefam,HGNC,OrthoDB,Inparanoid,Ensembl,OMA,PhylomeDB"
"Human","Mouse","FZD3","Fzd6","HGNC:4041","MGI:108474","ENSG00000104290","ENSMUSG00000022297",7976,14368,"OrthoMCL"
"Human","Mouse","PRICKLE1","Prickle1","HGNC:17019","MGI:1916034","ENSG00000139174","ENSMUSG00000036158",144165,106042,"Inparanoid,PhylomeDB,OMA,HomoloGene,HGNC,Panther,OrthoMCL,EggNOG,NCBI,Ensembl,OrthoDB,Treefam"
"Human","Mouse","PRICKLE1","Prickle2","HGNC:17019","MGI:1925144","ENSG00000139174","ENSMUSG00000030020",144165,243548,"OrthoMCL"
"Human","Mouse","ACVR1B","Acvr1b","HGNC:172","MGI:1338944","ENSG00000135503","ENSMUSG00000000532",91,11479,"Ensembl,Panther,Inparanoid,OrthoDB,Treefam,OrthoMCL,PhylomeDB,OMA,HGNC,HomoloGene,EggNOG,NCBI"
"Human","Mouse","ACVR1B","Acvr1c","HGNC:172","MGI:2661081","ENSG00000135503","ENSMUSG00000026834",91,269275,"OrthoMCL"
"Human","Mouse","ACVR1B","Tgfbr1","HGNC:172","MGI:98728","ENSG00000135503","ENSMUSG00000007613",91,21812,"OrthoMCL"
"Human","Mouse","ADAR","Adar","HGNC:225","MGI:1889575","ENSG00000160710","ENSMUSG00000027951",103,56417,"EggNOG,NCBI,Inparanoid,Ensembl,OrthoMCL,OMA,PhylomeDB,HomoloGene,Panther,HGNC,Treefam,OrthoDB"
"Human","Mouse","ADNP","Adnp","HGNC:15766","MGI:1338758","ENSG00000101126","ENSMUSG00000051149",23394,11538,"EggNOG,NCBI,Ensembl,Inparanoid,Panther,HomoloGene,HGNC,OrthoDB,Treefam,OrthoMCL,OMA"
"Human","Mouse","AMT","Amt","HGNC:473","MGI:3646700","ENSG00000145020","ENSMUSG00000032607",275,434437,"Ensembl,Panther,Inparanoid,NCBI,EggNOG,OMA,PhylomeDB,OrthoMCL,HomoloGene,HGNC,Treefam,OrthoDB"
"Human","Mouse","APH1A","Aph1a","HGNC:29509","MGI:2385110","ENSG00000117362","ENSMUSG00000015750",51107,226548,"NCBI,EggNOG,PhylomeDB,OMA,HGNC,Treefam,OrthoDB,OrthoMCL,HomoloGene,Panther,Ensembl,Inparanoid"
"Human","Mouse","APOB","Apob","HGNC:603","MGI:88052","ENSG00000084674","ENSMUSG00000020609",338,238055,"Panther,Ensembl,Inparanoid,OrthoMCL,OMA,EggNOG,NCBI,OrthoDB,HGNC,Treefam,HomoloGene"
"Human","Mouse","ARFGEF2","Arfgef2","HGNC:15853","MGI:2139354","ENSG00000124198","ENSMUSG00000074582",10564,99371,"EggNOG,NCBI,Ensembl,Inparanoid,Panther,HomoloGene,Treefam,HGNC,OrthoDB,OrthoMCL,PhylomeDB,OMA"
"Human","Mouse","ARFGEF2","Arfgef1","HGNC:15853","MGI:2442988","ENSG00000124198","ENSMUSG00000067851",10564,211673,"OrthoDB,OrthoMCL"
"Human","Mouse","ARHGEF7","Arhgef7","HGNC:15607","MGI:1860493","ENSG00000102606","ENSMUSG00000031511",8874,54126,"OrthoMCL,OrthoDB,Treefam,PhylomeDB,OMA,Inparanoid,Panther,Ensembl,EggNOG,NCBI,HomoloGene,HGNC"
"Human","Mouse","ARHGEF7","Arhgef6","HGNC:15607","MGI:1920591","ENSG00000102606","ENSMUSG00000031133",8874,73341,"OrthoMCL"
"Human","Mouse","AXIN1","Axin1","HGNC:903","MGI:1096327","ENSG00000103126","ENSMUSG00000024182",8312,12005,"HomoloGene,Panther,NCBI,EggNOG,Ensembl,Treefam,HGNC,OrthoMCL,OrthoDB,OMA,Inparanoid"
"Human","Mouse","B4GAT1","B4gat1","HGNC:15685","MGI:1919680","ENSG00000174684","ENSMUSG00000047379",11041,108902,"PhylomeDB,OMA,HGNC,HomoloGene,Treefam,EggNOG,NCBI,OrthoMCL,Ensembl,Panther,OrthoDB"
"Human","Mouse","B4GAT1","Gm50388","HGNC:15685","MGI:6303291","ENSG00000174684","ENSMUSG00000117789",11041,NA,"OMA"
"Human","Mouse","BMPER","Bmper","HGNC:24154","MGI:1920480","ENSG00000164619","ENSMUSG00000031963",168667,73230,"OrthoMCL,Inparanoid,Ensembl,Panther,HomoloGene,NCBI,EggNOG,OrthoDB,Treefam,HGNC,OMA,PhylomeDB"
"Human","Mouse","CALR","Calr","HGNC:1455","MGI:88252","ENSG00000179218","ENSMUSG00000003814",811,12317,"EggNOG,NCBI,Ensembl,Inparanoid,Panther,HomoloGene,HGNC,OrthoDB,Treefam,OrthoMCL,PhylomeDB,OMA"
"Human","Mouse","CASP8","Casp8","HGNC:1509","MGI:1261423","ENSG00000064012","ENSMUSG00000026029",841,12370,"HGNC,HomoloGene,Panther,Treefam,NCBI,EggNOG,OrthoDB,OrthoMCL,Inparanoid,Ensembl,PhylomeDB,OMA"
"Human","Mouse","CASP9","Casp9","HGNC:1511","MGI:1277950","ENSG00000132906","ENSMUSG00000028914",842,12371,"Treefam,OrthoDB,OrthoMCL,Ensembl,Inparanoid,OMA,PhylomeDB,Panther,HGNC,HomoloGene,EggNOG,NCBI"
"Human","Mouse","CCDC88C","Ccdc88c","HGNC:19967","MGI:1915589","ENSG00000015133","ENSMUSG00000021182",440193,68339,"Panther,HomoloGene,OrthoDB,OrthoMCL,OMA,PhylomeDB,Inparanoid,Ensembl,HGNC,Treefam,NCBI,EggNOG"
"Human","Mouse","CCDC88C","Ccdc88a","HGNC:19967","MGI:1925177","ENSG00000015133","ENSMUSG00000032740",440193,108686,"OrthoMCL"
"Human","Mouse","CHD7","Chd7","HGNC:20626","MGI:2444748","ENSG00000171316","ENSMUSG00000041235",55636,320790,"OrthoMCL,EggNOG,NCBI,Ensembl,Panther,Inparanoid,OrthoDB,HGNC,Treefam,PhylomeDB,OMA,HomoloGene"
"Human","Mouse","CHD7","Chd6","HGNC:20626","MGI:1918639","ENSG00000171316","ENSMUSG00000057133",55636,71389,"OrthoMCL"
"Human","Mouse","CHD7","Chd8","HGNC:20626","MGI:1915022","ENSG00000171316","ENSMUSG00000053754",55636,67772,"OrthoMCL"
"Human","Mouse","CHD7","Chd9","HGNC:20626","MGI:1924001","ENSG00000171316","ENSMUSG00000056608",55636,109151,"OrthoMCL"
"Human","Mouse","COL2A1","Col2a1","HGNC:2200","MGI:88452","ENSG00000139219","ENSMUSG00000022483",1280,12824,"OrthoMCL,OrthoDB,NCBI,HGNC,Treefam,HomoloGene,Panther,Inparanoid,Ensembl,OMA,PhylomeDB"
"Human","Mouse","COL2A1","Col1a1","HGNC:2200","MGI:88467","ENSG00000139219","ENSMUSG00000001506",1280,12842,"OrthoMCL"
"Human","Mouse","COL2A1","Col1a2","HGNC:2200","MGI:88468","ENSG00000139219","ENSMUSG00000029661",1280,12843,"OrthoMCL"
"Human","Mouse","COX4I1","Cox4i1","HGNC:2265","MGI:88473","ENSG00000131143","ENSMUSG00000031818",1327,12857,"PhylomeDB,OMA,OrthoDB,OrthoMCL,HGNC,Treefam,NCBI,EggNOG,HomoloGene,Panther,Inparanoid,Ensembl"
"Human","Mouse","CRKL","Crkl","HGNC:2363","MGI:104686","ENSG00000099942","ENSMUSG00000006134",1399,12929,"EggNOG,NCBI,Ensembl,Inparanoid,Panther,HomoloGene,HGNC,Treefam,OrthoDB,OrthoMCL,PhylomeDB,OMA"
"Human","Mouse","DDOST","Ddost","HGNC:2728","MGI:1194508","ENSG00000244038","ENSMUSG00000028757",1650,13200,"OMA,OrthoMCL,HGNC,OrthoDB,Ensembl,Inparanoid,Panther,EggNOG,NCBI,HomoloGene"
"Human","Mouse","DHCR7","Dhcr7","HGNC:2860","MGI:1298378","ENSG00000172893","ENSMUSG00000058454",1717,13360,"NCBI,EggNOG,Inparanoid,Ensembl,OrthoMCL,HomoloGene,Panther,OMA,PhylomeDB,OrthoDB,HGNC,Treefam"
"Human","Mouse","DISP1","Disp1","HGNC:19711","MGI:1916147","ENSG00000154309","ENSMUSG00000030768",84976,68897,"OrthoMCL,HGNC,Treefam,OrthoDB,Ensembl,Panther,Inparanoid,OMA,PhylomeDB,HomoloGene,EggNOG,NCBI"
"Human","Mouse","DISP1","Disp2","HGNC:19711","MGI:2388733","ENSG00000154309","ENSMUSG00000040035",84976,214240,"OrthoMCL"
"Human","Mouse","DNAAF2","Dnaaf2","HGNC:20188","MGI:1923566","ENSG00000165506","ENSMUSG00000020973",55172,109065,"HomoloGene,OMA,OrthoMCL,Inparanoid,Ensembl,Panther,Treefam,HGNC,OrthoDB,EggNOG,NCBI"
"Human","Mouse","ELP1","Elp1","HGNC:5959","MGI:1914544","ENSG00000070061","ENSMUSG00000028431",8518,230233,"OrthoMCL,OrthoDB,HGNC,Treefam,PhylomeDB,OMA,Panther,HomoloGene,EggNOG,Ensembl,NCBI,Inparanoid"
"Human","Mouse","EPCAM","Epcam","HGNC:11529","MGI:106653","ENSG00000119888","ENSMUSG00000045394",4072,17075,"OrthoMCL,Treefam,OrthoDB,HomoloGene,HGNC,EggNOG,NCBI,OMA,PhylomeDB,Inparanoid,Panther,Ensembl"
"Human","Mouse","EPHA7","Epha7","HGNC:3390","MGI:95276","ENSG00000135333","ENSMUSG00000028289",2045,13841,"OrthoMCL,Treefam,OrthoDB,HGNC,Panther,Ensembl,Inparanoid,OMA,HomoloGene,EggNOG,NCBI"
"Human","Mouse","EPHA7","Epha1","HGNC:3390","MGI:107381","ENSG00000135333","ENSMUSG00000029859",2045,13835,"OrthoMCL"
"Human","Mouse","EPHA7","Epha10","HGNC:3390","MGI:3586824","ENSG00000135333","ENSMUSG00000028876",2045,230735,"OrthoMCL"
"Human","Mouse","EPHA7","Epha2","HGNC:3390","MGI:95278","ENSG00000135333","ENSMUSG00000006445",2045,13836,"OrthoMCL"
"Human","Mouse","EPHA7","Epha3","HGNC:3390","MGI:99612","ENSG00000135333","ENSMUSG00000052504",2045,13837,"OrthoMCL"
"Human","Mouse","EPHA7","Epha4","HGNC:3390","MGI:98277","ENSG00000135333","ENSMUSG00000026235",2045,13838,"OrthoMCL"
"Human","Mouse","EPHA7","Epha5","HGNC:3390","MGI:99654","ENSG00000135333","ENSMUSG00000029245",2045,13839,"OrthoMCL"
"Human","Mouse","EPHA7","Epha6","HGNC:3390","MGI:108034","ENSG00000135333","ENSMUSG00000055540",2045,13840,"OrthoMCL"
"Human","Mouse","EPHA7","Epha8","HGNC:3390","MGI:109378","ENSG00000135333","ENSMUSG00000028661",2045,13842,"OrthoMCL"
"Human","Mouse","EPHA7","Ephb1","HGNC:3390","MGI:1096337","ENSG00000135333","ENSMUSG00000032537",2045,270190,"OrthoMCL"
"Human","Mouse","EPHA7","Ephb2","HGNC:3390","MGI:99611","ENSG00000135333","ENSMUSG00000028664",2045,13844,"OrthoMCL"
"Human","Mouse","EPHA7","Ephb3","HGNC:3390","MGI:104770","ENSG00000135333","ENSMUSG00000005958",2045,13845,"OrthoMCL"
"Human","Mouse","EPHA7","Ephb4","HGNC:3390","MGI:104757","ENSG00000135333","ENSMUSG00000029710",2045,13846,"OrthoMCL"
"Human","Mouse","EPHA7","Ephb6","HGNC:3390","MGI:1096338","ENSG00000135333","ENSMUSG00000029869",2045,13848,"OrthoMCL"
"Human","Mouse","ERBB2","Erbb2","HGNC:3430","MGI:95410","ENSG00000141736","ENSMUSG00000062312",2064,13866,"OrthoMCL,OrthoDB,Panther,Inparanoid,Ensembl,HomoloGene,EggNOG,NCBI,PhylomeDB,OMA,HGNC,Treefam"
"Human","Mouse","ERBB2","Egfr","HGNC:3430","MGI:95294","ENSG00000141736","ENSMUSG00000020122",2064,13649,"OrthoMCL"
"Human","Mouse","ERBB2","Erbb3","HGNC:3430","MGI:95411","ENSG00000141736","ENSMUSG00000018166",2064,13867,"OrthoMCL"
"Human","Mouse","ERBB2","Erbb4","HGNC:3430","MGI:104771","ENSG00000141736","ENSMUSG00000062209",2064,13869,"OrthoMCL"
"Human","Mouse","FADD","Fadd","HGNC:3573","MGI:109324","ENSG00000168040","ENSMUSG00000031077",8772,14082,"HGNC,Treefam,OrthoDB,Inparanoid,Ensembl,HomoloGene,Panther,EggNOG,NCBI,OrthoMCL,OMA,PhylomeDB"
"Human","Mouse","FDFT1","Fdft1","HGNC:3629","MGI:102706","ENSG00000079459","ENSMUSG00000021273",2222,14137,"HGNC,OrthoDB,Treefam,OMA,HomoloGene,Ensembl,Panther,Inparanoid,OrthoMCL,NCBI,EggNOG"
"Human","Mouse","FGFR3","Fgfr3","HGNC:3690","MGI:95524","ENSG00000068078","ENSMUSG00000054252",2261,14184,"OrthoMCL,OrthoDB,EggNOG,NCBI,HomoloGene,Treefam,HGNC,Inparanoid,Ensembl,Panther,OMA,PhylomeDB"
"Human","Mouse","FGFR3","Fgfr1","HGNC:3690","MGI:95522","ENSG00000068078","ENSMUSG00000031565",2261,14182,"OrthoMCL"
"Human","Mouse","FGFR3","Fgfr2","HGNC:3690","MGI:95523","ENSG00000068078","ENSMUSG00000030849",2261,14183,"OrthoMCL"
"Human","Mouse","FGFR3","Fgfr4","HGNC:3690","MGI:95525","ENSG00000068078","ENSMUSG00000005320",2261,14186,"OrthoMCL"
"Human","Mouse","FIG4","Fig4","HGNC:16873","MGI:2143585","ENSG00000112367","ENSMUSG00000038417",9896,103199,"NCBI,EggNOG,OrthoDB,Treefam,PhylomeDB,OMA,Inparanoid,Ensembl,HGNC,HomoloGene,Panther,OrthoMCL"
"Human","Mouse","FKTN","Fktn","HGNC:3622","MGI:2179507","ENSG00000106692","ENSMUSG00000028414",2218,246179,"HGNC,OrthoDB,Treefam,OrthoMCL,EggNOG,NCBI,HomoloGene,PhylomeDB,OMA,Ensembl,Inparanoid,Panther"
"Human","Mouse","FLRT3","Flrt3","HGNC:3762","MGI:1918686","ENSG00000125848","ENSMUSG00000051379",23767,71436,"EggNOG,NCBI,Ensembl,Inparanoid,Panther,HomoloGene,Treefam,HGNC,OrthoDB,OrthoMCL,OMA"
"Human","Mouse","FLRT3","Flrt1","HGNC:3762","MGI:3026647","ENSG00000125848","ENSMUSG00000047787",23767,396184,"OrthoMCL"
"Human","Mouse","FLVCR2","Flvcr2","HGNC:20105","MGI:2384974","ENSG00000119686","ENSMUSG00000034258",55640,217721,"OMA,PhylomeDB,HGNC,OrthoDB,Panther,Ensembl,Inparanoid,OrthoMCL,EggNOG,NCBI,HomoloGene,Treefam"
"Human","Mouse","FN1","Fn1","HGNC:3778","MGI:95566","ENSG00000115414","ENSMUSG00000026193",2335,14268,"Inparanoid,Panther,Ensembl,HomoloGene,HGNC,OrthoDB,Treefam,OrthoMCL,NCBI,EggNOG,OMA"
"Human","Mouse","FOXA2","Foxa2","HGNC:5022","MGI:1347476","ENSG00000125798","ENSMUSG00000037025",3170,15376,"EggNOG,NCBI,Ensembl,Inparanoid,Panther,HomoloGene,HGNC,OrthoDB,OrthoMCL,OMA"
"Human","Mouse","FURIN","Furin","HGNC:8568","MGI:97513","ENSG00000140564","ENSMUSG00000030530",5045,18550,"OrthoMCL,HGNC,OrthoDB,Treefam,HomoloGene,Ensembl,Inparanoid,Panther,OMA,EggNOG,NCBI"
"Human","Mouse","FURIN","Pcsk4","HGNC:8568","MGI:97514","ENSG00000140564","ENSMUSG00000020131",5045,18551,"OrthoMCL"
"Human","Mouse","FURIN","Pcsk5","HGNC:8568","MGI:97515","ENSG00000140564","ENSMUSG00000024713",5045,18552,"OrthoMCL"
"Human","Mouse","FURIN","Pcsk6","HGNC:8568","MGI:102897","ENSG00000140564","ENSMUSG00000030513",5045,18553,"OrthoMCL"
"Human","Mouse","GAS2L2","Gas2l2","HGNC:24846","MGI:3652048","ENSG00000270765","ENSMUSG00000020686",246176,237891,"EggNOG,NCBI,OrthoDB,Panther,HomoloGene,Inparanoid,Ensembl,HGNC,PhylomeDB,OMA,OrthoMCL"
"Human","Mouse","GCM2","Gcm2","HGNC:4198","MGI:1861438","ENSG00000124827","ENSMUSG00000021362",9247,107889,"Treefam,HGNC,OrthoDB,OrthoMCL,NCBI,EggNOG,PhylomeDB,OMA,Inparanoid,Panther,Ensembl,HomoloGene"
"Human","Mouse","GEN1","Gen1","HGNC:26881","MGI:2443149","ENSG00000178295","ENSMUSG00000051235",348654,209334,"Inparanoid,Panther,HGNC,OrthoDB,Treefam,PhylomeDB,OMA,OrthoMCL,HomoloGene,EggNOG,NCBI,Ensembl"
"Human","Mouse","GLMN","Glmn","HGNC:14373","MGI:2141180","ENSG00000174842","ENSMUSG00000029276",11146,170823,"OrthoMCL,Ensembl,Inparanoid,Treefam,OrthoDB,HomoloGene,Panther,HGNC,OMA,PhylomeDB,EggNOG,NCBI"
"Human","Mouse","GTF2IRD1","Gtf2ird1","HGNC:4661","MGI:1861942","ENSG00000006704","ENSMUSG00000023079",9569,57080,"EggNOG,NCBI,HomoloGene,Treefam,HGNC,OrthoDB,Panther,Ensembl,Inparanoid,PhylomeDB,OMA,OrthoMCL"
"Human","Mouse","HDAC4","Hdac4","HGNC:14063","MGI:3036234","ENSG00000068024","ENSMUSG00000026313",9759,208727,"OrthoMCL,OrthoDB,NCBI,EggNOG,Ensembl,Panther,Inparanoid,HGNC,Treefam,HomoloGene,PhylomeDB,OMA"
"Human","Mouse","HDAC4","Hdac5","HGNC:14063","MGI:1333784","ENSG00000068024","ENSMUSG00000008855",9759,15184,"OrthoMCL"
"Human","Mouse","HDAC4","Hdac7","HGNC:14063","MGI:1891835","ENSG00000068024","ENSMUSG00000022475",9759,56233,"OrthoMCL"
"Human","Mouse","HDAC4","Hdac9","HGNC:14063","MGI:1931221","ENSG00000068024","ENSMUSG00000004698",9759,79221,"OrthoMCL"
"Human","Mouse","HDAC8","Hdac8","HGNC:13315","MGI:1917565","ENSG00000147099","ENSMUSG00000067567",55869,70315,"Treefam,OrthoDB,PhylomeDB,OMA,OrthoMCL,Ensembl,NCBI,EggNOG,Inparanoid,Panther,HGNC,HomoloGene"
"Human","Mouse","HESX1","Hesx1","HGNC:4877","MGI:96071","ENSG00000163666","ENSMUSG00000040726",8820,15209,"NCBI,EggNOG,Ensembl,Inparanoid,OrthoMCL,Panther,HomoloGene,OrthoDB,Treefam,HGNC,OMA"
"Human","Mouse","HMX1","Hmx1","HGNC:5017","MGI:107178","ENSG00000215612","ENSMUSG00000067438",3166,15371,"HomoloGene,OMA,PhylomeDB,OrthoMCL,NCBI,EggNOG,Ensembl,HGNC,Treefam,OrthoDB,Inparanoid,Panther"
"Human","Mouse","HOXA1","Hoxa1","HGNC:5099","MGI:96170","ENSG00000105991","ENSMUSG00000029844",3198,15394,"NCBI,HomoloGene,HGNC,OrthoDB,OrthoMCL,OMA,Inparanoid,Ensembl,Panther"
"Human","Mouse","HOXA1","Hoxd1","HGNC:5099","MGI:96201","ENSG00000105991","ENSMUSG00000042448",3198,15429,"PhylomeDB"
"Human","Mouse","HSD17B2","Hsd17b2","HGNC:5211","MGI:1096386","ENSG00000086696","ENSMUSG00000031844",3294,15486,"NCBI,EggNOG,Panther,Inparanoid,Ensembl,Treefam,HGNC,HomoloGene,OrthoDB,PhylomeDB,OMA,OrthoMCL"
"Human","Mouse","HSPG2","Hspg2","HGNC:5273","MGI:96257","ENSG00000142798","ENSMUSG00000028763",3339,15530,"EggNOG,NCBI,OMA,PhylomeDB,Ensembl,Inparanoid,OrthoDB,HGNC,OrthoMCL,HomoloGene,Treefam"
"Human","Mouse","HTT","Htt","HGNC:4851","MGI:96067","ENSG00000197386","ENSMUSG00000029104",3064,15194,"OMA,PhylomeDB,OrthoMCL,NCBI,EggNOG,Ensembl,Inparanoid,Panther,HomoloGene,HGNC,OrthoDB,Treefam"
"Human","Mouse","HUWE1","Huwe1","HGNC:30892","MGI:1926884","ENSG00000086758","ENSMUSG00000025261",10075,59026,"Treefam,HomoloGene,OMA,OrthoMCL,OrthoDB,Panther,Inparanoid,Ensembl,NCBI,EggNOG,HGNC"
"Human","Mouse","IFIH1","Ifih1","HGNC:18873","MGI:1918836","ENSG00000115267","ENSMUSG00000026896",64135,71586,"HomoloGene,Panther,Inparanoid,Ensembl,OrthoMCL,OrthoDB,OMA,PhylomeDB,NCBI,HGNC"
"Human","Mouse","JUN","Jun","HGNC:6204","MGI:96646","ENSG00000177606","ENSMUSG00000052684",3725,16476,"Ensembl,Inparanoid,OrthoMCL,OrthoDB,HGNC,NCBI,EggNOG,HomoloGene,Panther,Treefam,PhylomeDB,OMA"
"Human","Mouse","KRIT1","Krit1","HGNC:1573","MGI:1930618","ENSG00000001631","ENSMUSG00000000600",889,79264,"PhylomeDB,Ensembl,Inparanoid,OrthoMCL,EggNOG,NCBI,OrthoDB,Treefam,HomoloGene,Panther,HGNC"
"Human","Mouse","L1CAM","L1cam","HGNC:6470","MGI:96721","ENSG00000198910","ENSMUSG00000031391",3897,16728,"OrthoMCL,PhylomeDB,OMA,HGNC,OrthoDB,HomoloGene,Treefam,Panther,Inparanoid,EggNOG,Ensembl,NCBI"
"Human","Mouse","L1CAM","Chl1","HGNC:6470","MGI:1098266","ENSG00000198910","ENSMUSG00000030077",3897,12661,"OrthoMCL"
"Human","Mouse","L1CAM","Nfasc","HGNC:6470","MGI:104753","ENSG00000198910","ENSMUSG00000026442",3897,269116,"OrthoMCL"
"Human","Mouse","L1CAM","Nrcam","HGNC:6470","MGI:104750","ENSG00000198910","ENSMUSG00000020598",3897,319504,"OrthoMCL"
"Human","Mouse","LAMA5","Lama5","HGNC:6485","MGI:105382","ENSG00000130702","ENSMUSG00000015647",3911,16776,"EggNOG,NCBI,Ensembl,Inparanoid,HomoloGene,Treefam,HGNC,OrthoDB,OrthoMCL,OMA"
"Human","Mouse","LAMA5","Lama1","HGNC:6485","MGI:99892","ENSG00000130702","ENSMUSG00000032796",3911,16772,"OrthoMCL"
"Human","Mouse","LAMA5","Lama2","HGNC:6485","MGI:99912","ENSG00000130702","ENSMUSG00000019899",3911,16773,"OrthoMCL"
"Human","Mouse","LAMA5","Lama3","HGNC:6485","MGI:99909","ENSG00000130702","ENSMUSG00000024421",3911,16774,"OrthoMCL"
"Human","Mouse","LAMA5","Lama4","HGNC:6485","MGI:109321","ENSG00000130702","ENSMUSG00000019846",3911,16775,"OrthoMCL"
"Human","Mouse","LAMC1","Lamc1","HGNC:6492","MGI:99914","ENSG00000135862","ENSMUSG00000026478",3915,226519,"OrthoMCL,Inparanoid,Ensembl,Treefam,HGNC,NCBI,EggNOG,OMA,PhylomeDB,HomoloGene,OrthoDB"
"Human","Mouse","LAMC1","Lamc2","HGNC:6492","MGI:99913","ENSG00000135862","ENSMUSG00000026479",3915,16782,"OrthoMCL"
"Human","Mouse","LAMC1","Lamc3","HGNC:6492","MGI:1344394","ENSG00000135862","ENSMUSG00000026840",3915,23928,"OrthoMCL"
"Human","Mouse","LAMC1","Megf11","HGNC:6492","MGI:1920951","ENSG00000135862","ENSMUSG00000036466",3915,214058,"Panther"
"Human","Mouse","LHX3","Lhx3","HGNC:6595","MGI:102673","ENSG00000107187","ENSMUSG00000026934",8022,16871,"OrthoDB,HGNC,Treefam,OrthoMCL,Inparanoid,Ensembl,NCBI,EggNOG,HomoloGene,Panther,PhylomeDB,OMA"
"Human","Mouse","LHX3","Lhx4","HGNC:6595","MGI:101776","ENSG00000107187","ENSMUSG00000026468",8022,16872,"OrthoDB"
"Human","Mouse","LHX4","Lhx4","HGNC:21734","MGI:101776","ENSG00000121454","ENSMUSG00000026468",89884,16872,"OMA,PhylomeDB,OrthoMCL,HomoloGene,Panther,Inparanoid,Ensembl,NCBI,Treefam,OrthoDB,HGNC"
"Human","Mouse","LHX4","Lhx3","HGNC:21734","MGI:102673","ENSG00000121454","ENSMUSG00000026934",89884,16871,"OrthoDB"
"Human","Mouse","LPAR1","Lpar1","HGNC:3166","MGI:108429","ENSG00000198121","ENSMUSG00000038668",1902,14745,"NCBI,EggNOG,OMA,OrthoMCL,PhylomeDB,HomoloGene,Inparanoid,Ensembl,Panther,HGNC,OrthoDB,Treefam"
"Human","Mouse","LRP2","Lrp2","HGNC:6694","MGI:95794","ENSG00000081479","ENSMUSG00000027070",4036,14725,"OrthoMCL,HGNC,OrthoDB,Ensembl,Inparanoid,NCBI,Panther,HomoloGene,OMA,PhylomeDB"
"Human","Mouse","LRP2","Gm19410","HGNC:6694","MGI:5011595","ENSG00000081479","ENSMUSG00000109372",4036,100502846,"OrthoMCL"
"Human","Mouse","LRP2","Lrp1","HGNC:6694","MGI:96828","ENSG00000081479","ENSMUSG00000040249",4036,16971,"OrthoMCL"
"Human","Mouse","LRP2","Lrp1b","HGNC:6694","MGI:2151136","ENSG00000081479","ENSMUSG00000049252",4036,94217,"OrthoMCL"
"Human","Mouse","LRP2","Lrp4","HGNC:6694","MGI:2442252","ENSG00000081479","ENSMUSG00000027253",4036,228357,"OrthoMCL"
"Human","Mouse","LRP2","Lrp5","HGNC:6694","MGI:1278315","ENSG00000081479","ENSMUSG00000024913",4036,16973,"OrthoMCL"
"Human","Mouse","LRP2","Lrp6","HGNC:6694","MGI:1298218","ENSG00000081479","ENSMUSG00000030201",4036,16974,"OrthoMCL"
"Human","Mouse","MDM4","Mdm4","HGNC:6974","MGI:107934","ENSG00000198625","ENSMUSG00000054387",4194,17248,"OMA,OrthoMCL,HGNC,OrthoDB,Treefam,HomoloGene,Panther,Inparanoid,Ensembl,NCBI,EggNOG"
"Human","Mouse","MEN1","Men1","HGNC:7010","MGI:1316736","ENSG00000133895","ENSMUSG00000024947",4221,17283,"HomoloGene,OrthoDB,HGNC,NCBI,OrthoMCL,OMA,PhylomeDB,Ensembl,Inparanoid,Panther"
"Human","Mouse","MIB1","Mib1","HGNC:21086","MGI:2443157","ENSG00000101752","ENSMUSG00000024294",57534,225164,"EggNOG,NCBI,Ensembl,Inparanoid,Panther,HomoloGene,HGNC,OrthoDB,Treefam,OrthoMCL,PhylomeDB,OMA"
"Human","Mouse","MIB1","Mib2","HGNC:21086","MGI:2679684","ENSG00000101752","ENSMUSG00000029060",57534,76580,"OrthoMCL"
"Human","Mouse","MPDZ","Mpdz","HGNC:7208","MGI:1343489","ENSG00000107186","ENSMUSG00000028402",8777,17475,"OrthoMCL,NCBI,EggNOG,OrthoDB,HGNC,Ensembl,Inparanoid,Panther,HomoloGene,Treefam,OMA"
"Human","Mouse","MPDZ","Patj","HGNC:7208","MGI:1277960","ENSG00000107186","ENSMUSG00000061859",8777,12695,"OrthoMCL"
"Human","Mouse","MTTP","Mttp","HGNC:7467","MGI:106926","ENSG00000138823","ENSMUSG00000028158",4547,17777,"NCBI,EggNOG,Ensembl,Inparanoid,Panther,Treefam,HGNC,OrthoDB,OrthoMCL,PhylomeDB,OMA,HomoloGene"
"Human","Mouse","MVK","Mvk","HGNC:7530","MGI:107624","ENSG00000110921","ENSMUSG00000041939",4598,17855,"HomoloGene,Inparanoid,Ensembl,Panther,OMA,PhylomeDB,EggNOG,NCBI,Treefam,OrthoDB,HGNC,OrthoMCL"
"Human","Mouse","NCSTN","Ncstn","HGNC:17091","MGI:1891700","ENSG00000162736","ENSMUSG00000003458",23385,59287,"HomoloGene,Panther,HGNC,Ensembl,Inparanoid,OrthoMCL,Treefam,OrthoDB,NCBI,EggNOG,OMA"
"Human","Mouse","NOTCH1","Notch1","HGNC:7881","MGI:97363","ENSG00000148400","ENSMUSG00000026923",4851,18128,"OrthoMCL,OMA,NCBI,OrthoDB,HGNC,HomoloGene,Inparanoid,Ensembl,Panther"
"Human","Mouse","NOTCH1","Notch2","HGNC:7881","MGI:97364","ENSG00000148400","ENSMUSG00000027878",4851,18129,"OrthoMCL"
"Human","Mouse","NOTCH1","Notch3","HGNC:7881","MGI:99460","ENSG00000148400","ENSMUSG00000038146",4851,18131,"OrthoMCL"
"Human","Mouse","NOTCH1","Notch4","HGNC:7881","MGI:107471","ENSG00000148400","ENSMUSG00000015468",4851,18132,"OrthoMCL"
"Human","Mouse","OPA1","Opa1","HGNC:8140","MGI:1921393","ENSG00000198836","ENSMUSG00000038084",4976,74143,"PhylomeDB,OMA,OrthoMCL,HGNC,OrthoDB,Treefam,Panther,HomoloGene,NCBI,EggNOG,Inparanoid,Ensembl"
"Human","Mouse","PALB2","Palb2","HGNC:26144","MGI:3040695","ENSG00000083093","ENSMUSG00000044702",79728,233826,"HomoloGene,Panther,Treefam,HGNC,OrthoDB,OrthoMCL,OMA,PhylomeDB,NCBI,EggNOG,Inparanoid,Ensembl"
"Human","Mouse","PAX2","Pax2","HGNC:8616","MGI:97486","ENSG00000075891","ENSMUSG00000004231",5076,18504,"Panther,HomoloGene,Inparanoid,Ensembl,OrthoMCL,HGNC,OrthoDB,PhylomeDB,OMA,NCBI"
"Human","Mouse","PAX6","Pax6","HGNC:8620","MGI:97490","ENSG00000007372","ENSMUSG00000027168",5080,18508,"HGNC,OrthoDB,Ensembl,Inparanoid,OrthoMCL,Treefam,HomoloGene,Panther,OMA,PhylomeDB,NCBI,EggNOG"
"Human","Mouse","PGAP2","Pgap2","HGNC:17893","MGI:2385286","ENSG00000148985","ENSMUSG00000030990",27315,233575,"PhylomeDB,OMA,NCBI,OrthoMCL,Ensembl,Panther,Inparanoid,HGNC,OrthoDB,Treefam"
"Human","Mouse","PIBF1","Pibf1","HGNC:23352","MGI:1261910","ENSG00000083535","ENSMUSG00000022064",10464,52023,"OMA,HGNC,OrthoDB,Treefam,OrthoMCL,Ensembl,EggNOG,NCBI,Inparanoid,HomoloGene,Panther"
"Human","Mouse","PIGA","Piga","HGNC:8957","MGI:99461","ENSG00000165195","ENSMUSG00000031381",5277,18700,"Inparanoid,Ensembl,NCBI,EggNOG,HGNC,Treefam,OrthoDB,Panther,HomoloGene,OMA,OrthoMCL"
"Human","Mouse","PIGN","Pign","HGNC:8967","MGI:1351629","ENSG00000197563","ENSMUSG00000056536",23556,27392,"EggNOG,NCBI,Ensembl,Inparanoid,Panther,HomoloGene,Treefam,OrthoDB,HGNC,OrthoMCL,PhylomeDB,OMA"
"Human","Mouse","PIP5K1C","Pip5k1c","HGNC:8996","MGI:1298224","ENSG00000186111","ENSMUSG00000034902",23396,18717,"EggNOG,NCBI,Ensembl,Inparanoid,Panther,HomoloGene,Treefam,HGNC,OrthoDB,OrthoMCL,PhylomeDB,OMA"
"Human","Mouse","PIP5K1C","Pip5k1a","HGNC:8996","MGI:107929","ENSG00000186111","ENSMUSG00000028126",23396,18720,"OrthoMCL"
"Human","Mouse","PIP5K1C","Pip5k1b","HGNC:8996","MGI:107930","ENSG00000186111","ENSMUSG00000024867",23396,18719,"OrthoMCL"
"Human","Mouse","PITX2","Pitx2","HGNC:9005","MGI:109340","ENSG00000164093","ENSMUSG00000028023",5308,18741,"OrthoDB,HGNC,PhylomeDB,OMA,OrthoMCL,NCBI,Panther,HomoloGene,Inparanoid"
"Human","Mouse","PITX2","Pitx1","HGNC:9005","MGI:107374","ENSG00000164093","ENSMUSG00000021506",5308,18740,"OrthoDB"
"Human","Mouse","PLAGL1","Plagl1","HGNC:9046","MGI:1100874","ENSG00000118495","ENSMUSG00000019817",5325,22634,"HomoloGene,Treefam,HGNC,Ensembl,Inparanoid,OrthoDB,OrthoMCL,EggNOG,NCBI,PhylomeDB,OMA"
"Human","Mouse","PLOD3","Plod3","HGNC:9083","MGI:1347008","ENSG00000106397","ENSMUSG00000004846",8985,26433,"OrthoMCL,Treefam,Panther,HomoloGene,EggNOG,Ensembl,NCBI,Inparanoid,OMA,PhylomeDB,HGNC,OrthoDB"
"Human","Mouse","PLOD3","Plod1","HGNC:9083","MGI:99907","ENSG00000106397","ENSMUSG00000019055",8985,18822,"OrthoMCL"
"Human","Mouse","PLOD3","Plod2","HGNC:9083","MGI:1347007","ENSG00000106397","ENSMUSG00000032374",8985,26432,"OrthoMCL"
"Human","Mouse","PNPLA6","Pnpla6","HGNC:16268","MGI:1354723","ENSG00000032444","ENSMUSG00000004565",10908,50767,"EggNOG,NCBI,Ensembl,Inparanoid,Panther,HomoloGene,HGNC,Treefam,OrthoDB,OrthoMCL,PhylomeDB,OMA"
"Human","Mouse","PNPLA6","Pnpla7","HGNC:16268","MGI:2385325","ENSG00000032444","ENSMUSG00000036833",10908,241274,"OrthoDB,OrthoMCL"
"Human","Mouse","POR","Por","HGNC:9208","MGI:97744","ENSG00000127948","ENSMUSG00000005514",5447,18984,"Panther,Ensembl,Inparanoid,HomoloGene,OrthoMCL,OMA,PhylomeDB,HGNC,Treefam,EggNOG,NCBI"
"Human","Mouse","POU1F1","Pou1f1","HGNC:9210","MGI:97588","ENSG00000064835","ENSMUSG00000004842",5449,18736,"PhylomeDB,OMA,Panther,Inparanoid,Ensembl,EggNOG,NCBI,OrthoMCL,HGNC,Treefam,OrthoDB,HomoloGene"
"Human","Mouse","PROP1","Prop1","HGNC:9455","MGI:109330","ENSG00000175325","ENSMUSG00000044542",5626,19127,"Inparanoid,Ensembl,OrthoDB,HGNC,Panther,HomoloGene,Treefam,NCBI,PhylomeDB,OMA,OrthoMCL"
"Human","Mouse","PSAT1","Psat1","HGNC:19129","MGI:2183441","ENSG00000135069","ENSMUSG00000024640",29968,107272,"OrthoMCL,HomoloGene,Treefam,Panther,OrthoDB,HGNC,OMA,PhylomeDB,NCBI,EggNOG,Ensembl,Inparanoid"
"Human","Mouse","RAD9A","Rad9a","HGNC:9827","MGI:1328356","ENSG00000172613","ENSMUSG00000024824",5883,19367,"PhylomeDB,OMA,OrthoMCL,Inparanoid,Panther,Ensembl,HomoloGene,NCBI,EggNOG,OrthoDB,HGNC,Treefam"
"Human","Mouse","RAX","Rax","HGNC:18662","MGI:109632","ENSG00000134438","ENSMUSG00000024518",30062,19434,"EggNOG,NCBI,Ensembl,Inparanoid,Panther,HomoloGene,Treefam,HGNC,OrthoDB,OrthoMCL,OMA"
"Human","Mouse","RNASEH2A","Rnaseh2a","HGNC:18518","MGI:1916974","ENSG00000104889","ENSMUSG00000052926",10535,69724,"EggNOG,NCBI,Ensembl,Inparanoid,Panther,HomoloGene,HGNC,Treefam,OrthoDB,OrthoMCL,PhylomeDB,OMA"
"Human","Mouse","RNASEH2B","Rnaseh2b","HGNC:25671","MGI:1914403","ENSG00000136104","ENSMUSG00000021932",79621,67153,"Inparanoid,PhylomeDB,OMA,OrthoMCL,NCBI,Ensembl,EggNOG,HGNC,OrthoDB,Treefam,HomoloGene,Panther"
"Human","Mouse","RNASEH2C","Rnaseh2c","HGNC:24116","MGI:1915459","ENSG00000172922","ENSMUSG00000024925",84153,68209,"EggNOG,NCBI,OrthoDB,OrthoMCL,HomoloGene,PhylomeDB,OMA,Panther,Inparanoid,Ensembl,HGNC,Treefam"
"Human","Mouse","RTEL1","Rtel1","HGNC:15888","MGI:2139369","ENSG00000258366","ENSMUSG00000038685",51750,269400,"EggNOG,NCBI,Ensembl,Inparanoid,Panther,HomoloGene,HGNC,OrthoDB,Treefam,Treefam,OrthoMCL,OMA"
"Human","Mouse","SALL1","Sall1","HGNC:10524","MGI:1889585","ENSG00000103449","ENSMUSG00000031665",6299,58198,"OrthoMCL,EggNOG,NCBI,OMA,PhylomeDB,OrthoDB,Ensembl,Inparanoid,HGNC,Treefam,Panther,HomoloGene"
"Human","Mouse","SALL1","Sall3","HGNC:10524","MGI:109295","ENSG00000103449","ENSMUSG00000024565",6299,20689,"OrthoMCL"
"Human","Mouse","SAMHD1","Samhd1","HGNC:15925","MGI:1927468","ENSG00000101347","ENSMUSG00000027639",25939,56045,"EggNOG,NCBI,Ensembl,Inparanoid,Panther,HomoloGene,HGNC,Treefam,OrthoDB,OrthoMCL,PhylomeDB,OMA"
"Human","Mouse","SEMA3E","Sema3e","HGNC:10727","MGI:1340034","ENSG00000170381","ENSMUSG00000063531",9723,20349,"OrthoMCL,HGNC,Panther,HomoloGene,OrthoDB,Ensembl,Inparanoid,OMA,NCBI"
"Human","Mouse","SEMA3E","Sema3a","HGNC:10727","MGI:107558","ENSG00000170381","ENSMUSG00000028883",9723,20346,"OrthoMCL"
"Human","Mouse","SEMA3E","Sema3b","HGNC:10727","MGI:107561","ENSG00000170381","ENSMUSG00000057969",9723,20347,"OrthoMCL"
"Human","Mouse","SEMA3E","Sema3c","HGNC:10727","MGI:107557","ENSG00000170381","ENSMUSG00000028780",9723,20348,"OrthoMCL"
"Human","Mouse","SEMA3E","Sema3d","HGNC:10727","MGI:1860118","ENSG00000170381","ENSMUSG00000040254",9723,108151,"OrthoMCL"
"Human","Mouse","SEMA3E","Sema3f","HGNC:10727","MGI:1096347","ENSG00000170381","ENSMUSG00000034684",9723,20350,"OrthoMCL"
"Human","Mouse","SEMA3E","Sema3g","HGNC:10727","MGI:3041242","ENSG00000170381","ENSMUSG00000021904",9723,218877,"OrthoMCL"
"Human","Mouse","SEMA4C","Sema4c","HGNC:10731","MGI:109252","ENSG00000168758","ENSMUSG00000026121",54910,20353,"Inparanoid,Ensembl,Panther,HomoloGene,HGNC,NCBI,EggNOG,OrthoMCL,OMA,PhylomeDB,Treefam,OrthoDB"
"Human","Mouse","SERPINH1","Serpinh1","HGNC:1546","MGI:88283","ENSG00000149257","ENSMUSG00000070436",871,12406,"HomoloGene,Panther,HGNC,Treefam,Inparanoid,Ensembl,OMA,EggNOG,NCBI,OrthoMCL,OrthoDB"
"Human","Mouse","SIRT1","Sirt1","HGNC:14929","MGI:2135607","ENSG00000096717","ENSMUSG00000020063",23411,93759,"EggNOG,NCBI,PhylomeDB,OMA,OrthoMCL,OrthoDB,Ensembl,Inparanoid,Panther,HomoloGene,HGNC"
"Human","Mouse","SIX3","Six3","HGNC:10889","MGI:102764","ENSG00000138083","ENSMUSG00000038805",6496,20473,"Treefam,Ensembl,Inparanoid,EggNOG,NCBI,OMA,Panther,HGNC,OrthoDB,HomoloGene,OrthoMCL"
"Human","Mouse","SIX6","Six6","HGNC:10892","MGI:1341840","ENSG00000184302","ENSMUSG00000021099",4990,20476,"Inparanoid,OrthoMCL,PhylomeDB,OMA,OrthoDB,Treefam,HomoloGene,HGNC,Panther,NCBI,EggNOG,Ensembl"
"Human","Mouse","SLC25A3","Slc25a3","HGNC:10989","MGI:1353498","ENSG00000075415","ENSMUSG00000061904",5250,18674,"OrthoMCL,HGNC,HomoloGene,OrthoDB,Treefam,OMA,PhylomeDB,EggNOG,NCBI,Inparanoid,Ensembl,Panther"
"Human","Mouse","SLC31A1","Slc31a1","HGNC:11016","MGI:1333843","ENSG00000136868","ENSMUSG00000066150",1317,20529,"OrthoDB,EggNOG,NCBI,Inparanoid,Ensembl,Panther,HGNC,Treefam,HomoloGene,OMA,PhylomeDB,OrthoMCL"
"Human","Mouse","SLC39A4","Slc39a4","HGNC:17129","MGI:1919277","ENSG00000147804","ENSMUSG00000063354",55630,72027,"NCBI,EggNOG,Ensembl,Panther,Inparanoid,HGNC,HomoloGene,OrthoMCL,OrthoDB,PhylomeDB,OMA,Treefam"
"Human","Mouse","SMAD2","Smad2","HGNC:6768","MGI:108051","ENSG00000175387","ENSMUSG00000024563",4087,17126,"EggNOG,NCBI,Ensembl,Inparanoid,Panther,HomoloGene,OrthoDB,HGNC,Treefam,OrthoMCL,PhylomeDB,OMA"
"Human","Mouse","SMAD2","Smad3","HGNC:6768","MGI:1201674","ENSG00000175387","ENSMUSG00000032402",4087,17127,"OrthoDB,OrthoMCL"
"Human","Mouse","SMARCA4","Smarca4","HGNC:11100","MGI:88192","ENSG00000127616","ENSMUSG00000032187",6597,20586,"EggNOG,NCBI,Ensembl,Inparanoid,Panther,HomoloGene,HGNC,OrthoDB,OrthoMCL,PhylomeDB,OMA"
"Human","Mouse","SMARCA4","Smarca2","HGNC:11100","MGI:99603","ENSG00000127616","ENSMUSG00000024921",6597,67155,"OrthoDB,OrthoMCL"
"Human","Mouse","SMOC1","Smoc1","HGNC:20318","MGI:1929878","ENSG00000198732","ENSMUSG00000021136",64093,64075,"HGNC,OrthoDB,Panther,HomoloGene,Treefam,PhylomeDB,OrthoMCL,OMA,Ensembl,Inparanoid,NCBI,EggNOG"
"Human","Mouse","SOX2","Sox2","HGNC:11195","MGI:98364","ENSG00000181449","ENSMUSG00000074637",6657,20674,"Inparanoid,Ensembl,PhylomeDB,OMA,OrthoMCL,Panther,HomoloGene,HGNC,OrthoDB,NCBI,EggNOG"
"Human","Mouse","SPECC1L","Specc1l","HGNC:29022","MGI:1921642","ENSG00000100014","ENSMUSG00000033444",23384,74392,"EggNOG,NCBI,Ensembl,Inparanoid,Panther,HomoloGene,Treefam,OrthoDB,HGNC,OrthoMCL,PhylomeDB,OMA"
"Human","Mouse","SPECC1L","Specc1","HGNC:29022","MGI:2442356","ENSG00000100014","ENSMUSG00000042331",23384,432572,"OrthoMCL"
"Human","Mouse","SPTAN1","Sptan1","HGNC:11273","MGI:98386","ENSG00000197694","ENSMUSG00000057738",6709,20740,"OrthoMCL,NCBI,EggNOG,OrthoDB,Treefam,HGNC,HomoloGene,Ensembl,Inparanoid,Panther,OMA"
"Human","Mouse","SPTAN1","Spta1","HGNC:11273","MGI:98385","ENSG00000197694","ENSMUSG00000026532",6709,20739,"OrthoMCL"
"Human","Mouse","STIL","Stil","HGNC:10879","MGI:107477","ENSG00000123473","ENSMUSG00000028718",6491,20460,"OrthoMCL,Treefam,OrthoDB,NCBI,EggNOG,HomoloGene,HGNC,Panther,PhylomeDB,OMA,Inparanoid,Ensembl"
"Human","Mouse","STK11","Stk11","HGNC:11389","MGI:1341870","ENSG00000118046","ENSMUSG00000003068",6794,20869,"EggNOG,NCBI,Ensembl,Inparanoid,Panther,HomoloGene,HGNC,Treefam,OrthoDB,OrthoMCL,PhylomeDB,OMA"
"Human","Mouse","TBX4","Tbx4","HGNC:11603","MGI:102556","ENSG00000121075","ENSMUSG00000000094",9496,21387,"Treefam,OrthoDB,OMA,OrthoMCL,EggNOG,NCBI,Ensembl,Inparanoid,HGNC,HomoloGene,Panther"
"Human","Mouse","TCF12","Tcf12","HGNC:11623","MGI:101877","ENSG00000140262","ENSMUSG00000032228",6938,21406,"OrthoMCL,Inparanoid,Panther,HomoloGene,HGNC,OMA,Treefam,OrthoDB,NCBI,Ensembl,EggNOG"
"Human","Mouse","TCF12","Tcf4","HGNC:11623","MGI:98506","ENSG00000140262","ENSMUSG00000053477",6938,21413,"OrthoMCL"
"Human","Mouse","TCF7L1","Tcf7l1","HGNC:11640","MGI:1202876","ENSG00000152284","ENSMUSG00000055799",83439,21415,"EggNOG,NCBI,OMA,PhylomeDB,Ensembl,Inparanoid,OrthoMCL,OrthoDB,HGNC,Treefam,Panther,HomoloGene"
"Human","Mouse","TET1","Tet1","HGNC:29484","MGI:1098693","ENSG00000138336","ENSMUSG00000047146",80312,52463,"HomoloGene,OrthoDB,PhylomeDB,OMA,OrthoMCL,Panther,Ensembl,Inparanoid,HGNC,Treefam,EggNOG,NCBI"
"Human","Mouse","TFRC","Tfrc","HGNC:11763","MGI:98822","ENSG00000072274","ENSMUSG00000022797",7037,22042,"HGNC,HomoloGene,Treefam,Inparanoid,Panther,Ensembl,EggNOG,NCBI,OrthoDB,PhylomeDB,OMA,OrthoMCL"
"Human","Mouse","TGFBR1","Tgfbr1","HGNC:11772","MGI:98728","ENSG00000106799","ENSMUSG00000007613",7046,21812,"OrthoMCL,NCBI,EggNOG,Inparanoid,Ensembl,Panther,Treefam,OrthoDB,OMA,PhylomeDB,HGNC,HomoloGene"
"Human","Mouse","TGFBR1","Acvr1b","HGNC:11772","MGI:1338944","ENSG00000106799","ENSMUSG00000000532",7046,11479,"OrthoMCL"
"Human","Mouse","TGFBR1","Acvr1c","HGNC:11772","MGI:2661081","ENSG00000106799","ENSMUSG00000026834",7046,269275,"OrthoMCL"
"Human","Mouse","TMEM70","Tmem70","HGNC:26050","MGI:1915068","ENSG00000175606","ENSMUSG00000025940",54968,70397,"Treefam,OrthoDB,HGNC,Panther,HomoloGene,Ensembl,Inparanoid,OrthoMCL,OMA,PhylomeDB,EggNOG,NCBI"
"Human","Mouse","TP53","Trp53","HGNC:11998","MGI:98834","ENSG00000141510","ENSMUSG00000059552",7157,22059,"OrthoMCL,EggNOG,NCBI,OrthoDB,Treefam,PhylomeDB,OMA,Inparanoid,Ensembl,Panther,HomoloGene,HGNC"
"Human","Mouse","TPK1","Tpk1","HGNC:17358","MGI:1352500","ENSG00000196511","ENSMUSG00000029735",27010,29807,"PhylomeDB,OMA,OrthoMCL,Ensembl,Inparanoid,OrthoDB,Treefam,HGNC,Panther,HomoloGene,NCBI,EggNOG"
"Human","Mouse","TRAPPC10","Trappc10","HGNC:11868","MGI:1336209","ENSG00000160218","ENSMUSG00000000374",7109,216131,"NCBI,Ensembl,Inparanoid,Panther,HomoloGene,HGNC,OrthoDB,Treefam,OrthoMCL,PhylomeDB,OMA"
"Human","Mouse","TREX1","Trex1","HGNC:12269","MGI:1328317","ENSG00000213689","ENSMUSG00000049734",11277,22040,"OrthoDB,Inparanoid,Ensembl,OMA,PhylomeDB,OrthoMCL,HomoloGene,HGNC,Panther,NCBI"
"Human","Mouse","TRIM33","Trim33","HGNC:16290","MGI:2137357","ENSG00000197323","ENSMUSG00000033014",51592,94093,"OrthoMCL,EggNOG,NCBI,HGNC,HomoloGene,Panther,Treefam,OMA,PhylomeDB,Ensembl,Inparanoid,OrthoDB"
"Human","Mouse","TRIM33","Trim24","HGNC:16290","MGI:109275","ENSG00000197323","ENSMUSG00000029833",51592,21848,"OrthoMCL"
"Human","Mouse","TWSG1","Twsg1","HGNC:12429","MGI:2137520","ENSG00000128791","ENSMUSG00000024098",57045,65960,"EggNOG,NCBI,Ensembl,Inparanoid,Panther,HomoloGene,HGNC,OrthoDB,Treefam,OrthoMCL,PhylomeDB,OMA"
"Human","Mouse","UTP4","Utp4","HGNC:1983","MGI:1096573","ENSG00000141076","ENSMUSG00000041438",84916,21771,"Treefam,HGNC,PhylomeDB,OMA,Panther,Inparanoid,NCBI,Ensembl,EggNOG,OrthoMCL,OrthoDB,HomoloGene"
"Human","Mouse","VAX1","Vax1","HGNC:12660","MGI:1277163","ENSG00000148704","ENSMUSG00000006270",11023,22326,"Treefam,OrthoDB,OMA,PhylomeDB,OrthoMCL,Inparanoid,EggNOG,Ensembl,NCBI,HomoloGene,Panther,HGNC"
"Human","Mouse","VAX1","Vax2","HGNC:12660","MGI:1346018","ENSG00000148704","ENSMUSG00000034777",11023,24113,"OrthoDB"
"Human","Mouse","VCL","Vcl","HGNC:12665","MGI:98927","ENSG00000035403","ENSMUSG00000021823",7414,22330,"HomoloGene,HGNC,Treefam,PhylomeDB,OMA,OrthoDB,OrthoMCL,NCBI,EggNOG,Ensembl,Inparanoid,Panther"
"Human","Mouse","WDR11","Wdr11","HGNC:13831","MGI:1920230","ENSG00000120008","ENSMUSG00000042055",55717,207425,"Treefam,OrthoMCL,EggNOG,NCBI,Ensembl,HGNC,OrthoDB,HomoloGene,OMA,PhylomeDB,Panther,Inparanoid"
"Human","Mouse","XBP1","Xbp1","HGNC:12801","MGI:98970","ENSG00000100219","ENSMUSG00000020484",7494,22433,"EggNOG,NCBI,Ensembl,Inparanoid,Panther,HomoloGene,HGNC,Treefam,OrthoDB,OrthoMCL,OMA"
"Human","Mouse","XRCC2","Xrcc2","HGNC:12829","MGI:1927345","ENSG00000196584","ENSMUSG00000028933",7516,57434,"HomoloGene,HGNC,OrthoDB,OMA,PhylomeDB,OrthoMCL,NCBI,EggNOG,Ensembl,Inparanoid,Panther,Treefam"
"Human","Mouse","YY1","Yy1","HGNC:12856","MGI:99150","ENSG00000100811","ENSMUSG00000021264",7528,22632,"Panther,HGNC,Treefam,HomoloGene,PhylomeDB,OMA,NCBI,EggNOG,OrthoDB,Ensembl,Inparanoid"
"Human","Mouse","YY1","Yy2","HGNC:12856","MGI:3837947","ENSG00000100811","ENSMUSG00000091736",7528,100073351,"Panther"
"Human","Mouse","YY1","Zfp143","HGNC:12856","MGI:1277969","ENSG00000100811","ENSMUSG00000061079",7528,20841,"Panther"
"Human","Mouse","PORCN","Porcn","HGNC:17652","MGI:1890212","ENSG00000102312","ENSMUSG00000031169",64840,53627,"NCBI,EggNOG,OrthoDB,Treefam,OrthoMCL,HGNC,HomoloGene,PhylomeDB,OMA,Panther,Inparanoid,Ensembl"
"Human","Mouse","BMP4","Bmp4","HGNC:1071","MGI:88180","ENSG00000125378","ENSMUSG00000021835",652,12159,"OMA,PhylomeDB,HGNC,Treefam,Panther,HomoloGene,Inparanoid,Ensembl,NCBI,EggNOG,OrthoDB,OrthoMCL"
"Human","Mouse","BMP7","Bmp7","HGNC:1074","MGI:103302","ENSG00000101144","ENSMUSG00000008999",655,12162,"EggNOG,NCBI,Ensembl,Inparanoid,Panther,HomoloGene,HGNC,OrthoDB,Treefam,OrthoMCL,PhylomeDB,OMA"
"Human","Mouse","BMP7","Bmp5","HGNC:1074","MGI:88181","ENSG00000101144","ENSMUSG00000032179",655,12160,"OrthoDB"
"Human","Mouse","RGMA","Rgma","HGNC:30308","MGI:2679262","ENSG00000182175","ENSMUSG00000070509",56963,244058,"OrthoMCL,EggNOG,NCBI,PhylomeDB,OMA,Ensembl,Inparanoid,HGNC,Treefam,OrthoDB,Panther,HomoloGene"
"Human","Mouse","B9D1","B9d1","HGNC:24123","MGI:1351471","ENSG00000108641","ENSMUSG00000001039",27077,27078,"HomoloGene,OrthoDB,PhylomeDB,OMA,HGNC,Treefam,Inparanoid,Ensembl,Panther,NCBI,EggNOG"
"Human","Mouse","CEP41","Cep41","HGNC:12370","MGI:1891414","ENSG00000106477","ENSMUSG00000029790",95681,83922,"PhylomeDB,OMA,OrthoMCL,HomoloGene,HGNC,Inparanoid,Ensembl,Panther,EggNOG,NCBI,OrthoDB,Treefam"
"Human","Mouse","IFT43","Ift43","HGNC:29669","MGI:1923661","ENSG00000119650","ENSMUSG00000007867",112752,76411,"HGNC,OrthoDB,Treefam,HomoloGene,Panther,Ensembl,Inparanoid,OrthoMCL,NCBI,EggNOG,OMA"
"Human","Mouse","MKKS","Mkks","HGNC:7108","MGI:1891836","ENSG00000125863","ENSMUSG00000027274",8195,59030,"EggNOG,Ensembl,Inparanoid,Panther,HomoloGene,Treefam,HGNC,OrthoDB,OrthoMCL,OMA"
"Human","Mouse","TCTN1","Tctn1","HGNC:26113","MGI:3603820","ENSG00000204852","ENSMUSG00000038593",79600,654470,"HGNC,OrthoDB,Treefam,Ensembl,Inparanoid,HomoloGene,Panther,OrthoMCL,PhylomeDB,OMA,NCBI,EggNOG"
"Human","Mouse","TCTN3","Tctn3","HGNC:24519","MGI:1914840","ENSG00000119977","ENSMUSG00000025008",26123,67590,"HGNC,OrthoDB,OrthoMCL,HomoloGene,Panther,Ensembl,Inparanoid,OMA,PhylomeDB,EggNOG,NCBI"
"Human","Mouse","TTBK2","Ttbk2","HGNC:19141","MGI:2155779","ENSG00000128881","ENSMUSG00000090100",146057,140810,"OrthoMCL,Panther,HomoloGene,Treefam,HGNC,OrthoDB,NCBI,EggNOG,Ensembl,Inparanoid,OMA,PhylomeDB"
"Human","Mouse","DYNC2H1","Dync2h1","HGNC:2962","MGI:107736","ENSG00000187240","ENSMUSG00000047193",79659,110350,"OrthoMCL,Panther,HomoloGene,Inparanoid,Ensembl,OMA,OrthoDB,HGNC,NCBI"
"Human","Mouse","DYNC2H1","Dnah1","HGNC:2962","MGI:107721","ENSG00000187240","ENSMUSG00000019027",79659,110084,"OrthoMCL"
"Human","Mouse","DYNC2H1","Dnah10","HGNC:2962","MGI:1860299","ENSG00000187240","ENSMUSG00000038011",79659,56087,"OrthoMCL"
"Human","Mouse","DYNC2H1","Dnah11","HGNC:2962","MGI:1100864","ENSG00000187240","ENSMUSG00000018581",79659,13411,"OrthoMCL"
"Human","Mouse","DYNC2H1","Dnah12","HGNC:2962","MGI:107720","ENSG00000187240","ENSMUSG00000021879",79659,110083,"OrthoMCL"
"Human","Mouse","DYNC2H1","Dnah14","HGNC:2962","MGI:2444525","ENSG00000187240","ENSMUSG00000047369",79659,240960,"OrthoMCL"
"Human","Mouse","DYNC2H1","Dnah17","HGNC:2962","MGI:1917176","ENSG00000187240","ENSMUSG00000033987",79659,69926,"OrthoMCL"
"Human","Mouse","DYNC2H1","Dnah2","HGNC:2962","MGI:107731","ENSG00000187240","ENSMUSG00000005237",79659,327954,"OrthoMCL"
"Human","Mouse","DYNC2H1","Dnah3","HGNC:2962","MGI:2683040","ENSG00000187240","ENSMUSG00000052273",79659,381917,"OrthoMCL"
"Human","Mouse","DYNC2H1","Dnah5","HGNC:2962","MGI:107718","ENSG00000187240","ENSMUSG00000022262",79659,110082,"OrthoMCL"
"Human","Mouse","DYNC2H1","Dnah6","HGNC:2962","MGI:107744","ENSG00000187240","ENSMUSG00000052861",79659,330355,"OrthoMCL"
"Human","Mouse","DYNC2H1","Dnah7a","HGNC:2962","MGI:2685838","ENSG00000187240","ENSMUSG00000096141",79659,627872,"OrthoMCL"
"Human","Mouse","DYNC2H1","Dnah7b","HGNC:2962","MGI:2684953","ENSG00000187240","ENSMUSG00000041144",79659,227058,"OrthoMCL"
"Human","Mouse","DYNC2H1","Dnah7c","HGNC:2962","MGI:3639762","ENSG00000187240","ENSMUSG00000101337",79659,100101919,"OrthoMCL"
"Human","Mouse","DYNC2H1","Dnah8","HGNC:2962","MGI:107714","ENSG00000187240","ENSMUSG00000033826",79659,13417,"OrthoMCL"
"Human","Mouse","DYNC2H1","Dnah9","HGNC:2962","MGI:1289279","ENSG00000187240","ENSMUSG00000056752",79659,237806,"OrthoMCL"
"Human","Mouse","DYNC2H1","Dync1h1","HGNC:2962","MGI:103147","ENSG00000187240","ENSMUSG00000018707",79659,13424,"OrthoMCL"
"Human","Mouse","SMO","Smo","HGNC:11119","MGI:108075","ENSG00000128602","ENSMUSG00000001761",6608,319757,"HomoloGene,HGNC,Panther,Inparanoid,Ensembl,Treefam,OrthoDB,OrthoMCL,EggNOG,NCBI,OMA"
"Human","Mouse","WDR19","Wdr19","HGNC:18340","MGI:2443231","ENSG00000157796","ENSMUSG00000037890",57728,213081,"HomoloGene,HGNC,OMA,PhylomeDB,OrthoMCL,Ensembl,NCBI,EggNOG,Panther,Inparanoid,OrthoDB,Treefam"
"Human","Mouse","FOXH1","Foxh1","HGNC:3814","MGI:1347465","ENSG00000160973","ENSMUSG00000033837",8928,14106,"Panther,HomoloGene,EggNOG,NCBI,Ensembl,Inparanoid,HGNC,OrthoDB,Treefam,OMA,PhylomeDB,OrthoMCL"
"Human","Mouse","HYLS1","Hyls1","HGNC:26558","MGI:1924082","ENSG00000198331","ENSMUSG00000050555",219844,76832,"HomoloGene,EggNOG,NCBI,OMA,OrthoMCL,Panther,Ensembl,Inparanoid,Treefam,HGNC"
"Human","Mouse","NODAL","Nodal","HGNC:7865","MGI:97359","ENSG00000156574","ENSMUSG00000037171",4838,18119,"Inparanoid,Ensembl,OMA,OrthoMCL,OrthoDB,HGNC,HomoloGene,Panther,EggNOG,NCBI"
"Human","Mouse","TGIF1","Tgif1","HGNC:11776","MGI:1194497","ENSG00000177426","ENSMUSG00000047407",7050,21815,"EggNOG,NCBI,Ensembl,Inparanoid,Panther,HomoloGene,HGNC,OrthoDB,Treefam,OrthoMCL,PhylomeDB,OMA"
"Human","Mouse","GLI2","Gli2","HGNC:4318","MGI:95728","ENSG00000074047","ENSMUSG00000048402",2736,14633,"OMA,HGNC,OrthoDB,Panther,Ensembl,Inparanoid,OrthoMCL,Treefam,HomoloGene,EggNOG,NCBI"
"Human","Mouse","GLI2","Gli3","HGNC:4318","MGI:95729","ENSG00000074047","ENSMUSG00000021318",2736,14634,"OrthoMCL"
"Human","Mouse","CC2D2A","Cc2d2a","HGNC:29253","MGI:1924487","ENSG00000048342","ENSMUSG00000039765",57545,231214,"OrthoMCL,Treefam,HGNC,PhylomeDB,OMA,EggNOG,NCBI,Panther,HomoloGene,Inparanoid,Ensembl"
"Human","Mouse","NPHP3","Nphp3","HGNC:7907","MGI:1921275","ENSG00000113971","ENSMUSG00000032558",27031,74025,"HomoloGene,Panther,OrthoMCL,HGNC,Treefam,OrthoDB,OMA,Ensembl,Inparanoid,NCBI"
"Human","Mouse","NPHP3","Gm28305","HGNC:7907","MGI:5579011","ENSG00000113971","ENSMUSG00000101152",27031,NA,"EggNOG"
"Human","Mouse","SLC25A1","Slc25a1","HGNC:10979","MGI:1345283","ENSG00000100075","ENSMUSG00000003528",6576,13358,"EggNOG,NCBI,Ensembl,Inparanoid,Panther,HGNC,OrthoDB,Treefam,OrthoMCL,PhylomeDB,OMA"
"Human","Mouse","AGO2","Ago2","HGNC:3263","MGI:2446632","ENSG00000123908","ENSMUSG00000036698",27161,239528,"OrthoMCL,Inparanoid,Ensembl,OMA,HGNC,OrthoDB,EggNOG,NCBI,Panther,HomoloGene,Treefam"
"Human","Mouse","AGO2","Ago1","HGNC:3263","MGI:2446630","ENSG00000123908","ENSMUSG00000041530",27161,236511,"OrthoMCL"
"Human","Mouse","AGO2","Ago3","HGNC:3263","MGI:2446634","ENSG00000123908","ENSMUSG00000028842",27161,214150,"OrthoMCL"
"Human","Mouse","AGO2","Ago4","HGNC:3263","MGI:1924100","ENSG00000123908","ENSMUSG00000042500",27161,76850,"OrthoMCL"
"Human","Mouse","ALX3","Alx3","HGNC:449","MGI:1277097","ENSG00000156150","ENSMUSG00000014603",257,11694,"Panther,HomoloGene,HGNC,OrthoDB,OrthoMCL,NCBI,Inparanoid,Ensembl,OMA,PhylomeDB"
"Human","Mouse","ALX3","Esx1","HGNC:449","MGI:1096388","ENSG00000156150","ENSMUSG00000023443",257,13984,"Panther"
"Human","Mouse","ALX3","Rhox11","HGNC:449","MGI:2681831","ENSG00000156150","ENSMUSG00000051038",257,194738,"Panther"
"Human","Mouse","ALX4","Alx4","HGNC:450","MGI:108359","ENSG00000052850","ENSMUSG00000040310",60529,11695,"OrthoMCL,OrthoDB,HGNC,HomoloGene,Panther,OMA,PhylomeDB,Ensembl,Inparanoid,NCBI"
"Human","Mouse","AMER1","Amer1","HGNC:26837","MGI:1919595","ENSG00000184675","ENSMUSG00000050332",139285,72345,"Inparanoid,OrthoMCL,Ensembl,NCBI,Panther,HomoloGene,HGNC,OrthoDB,PhylomeDB,OMA"
"Human","Mouse","APAF1","Apaf1","HGNC:576","MGI:1306796","ENSG00000120868","ENSMUSG00000019979",317,11783,"OrthoMCL,OMA,PhylomeDB,Treefam,OrthoDB,HGNC,HomoloGene,NCBI,EggNOG,Panther,Ensembl,Inparanoid"
"Human","Mouse","ARID1A","Arid1a","HGNC:11110","MGI:1935147","ENSG00000117713","ENSMUSG00000007880",8289,93760,"OrthoMCL,OMA,PhylomeDB,HomoloGene,OrthoDB,Treefam,HGNC,Inparanoid,Panther,Ensembl,EggNOG,NCBI"
"Human","Mouse","ARID1A","Arid1b","HGNC:11110","MGI:1926129","ENSG00000117713","ENSMUSG00000069729",8289,239985,"OrthoMCL"
"Human","Mouse","ARID1B","Arid1b","HGNC:18040","MGI:1926129","ENSG00000049618","ENSMUSG00000069729",57492,239985,"Ensembl,Inparanoid,Panther,OMA,OrthoMCL,NCBI,EggNOG,HGNC,Treefam,OrthoDB,HomoloGene"
"Human","Mouse","ARID1B","Arid1a","HGNC:18040","MGI:1935147","ENSG00000049618","ENSMUSG00000007880",57492,93760,"OrthoMCL"
"Human","Mouse","ATP2C1","Atp2c1","HGNC:13211","MGI:1889008","ENSG00000017260","ENSMUSG00000032570",27032,235574,"OrthoMCL,EggNOG,NCBI,OMA,Inparanoid,Ensembl,HomoloGene,HGNC,Panther,OrthoDB"
"Human","Mouse","ATP2C1","Atp2c2","HGNC:13211","MGI:1916297","ENSG00000017260","ENSMUSG00000034112",27032,69047,"OrthoMCL"
"Human","Mouse","AXIN2","Axin2","HGNC:904","MGI:1270862","ENSG00000168646","ENSMUSG00000000142",8313,12006,"Inparanoid,Ensembl,OrthoMCL,HGNC,OrthoDB,Treefam,OMA,NCBI,EggNOG,Panther,HomoloGene"
"Human","Mouse","BCL10","Bcl10","HGNC:989","MGI:1337994","ENSG00000142867","ENSMUSG00000028191",8915,12042,"OrthoDB,OrthoMCL,OMA,PhylomeDB,HGNC,HomoloGene,Panther,NCBI,Inparanoid,Ensembl"
"Human","Mouse","BRCA1","Brca1","HGNC:1100","MGI:104537","ENSG00000012048","ENSMUSG00000017146",672,12189,"OMA,OrthoMCL,Panther,Inparanoid,Ensembl,NCBI,EggNOG,HGNC,HomoloGene,OrthoDB,Treefam"
"Human","Mouse","BRCA2","Brca2","HGNC:1101","MGI:109337","ENSG00000139618","ENSMUSG00000041147",675,12190,"Inparanoid,OrthoMCL,HomoloGene,Panther,HGNC,EggNOG,Ensembl,NCBI,OMA,Treefam,OrthoDB"
"Human","Mouse","BRD1","Brd1","HGNC:1102","MGI:1924161","ENSG00000100425","ENSMUSG00000022387",23774,223770,"EggNOG,NCBI,Ensembl,Inparanoid,Panther,HomoloGene,HGNC,OrthoDB,Treefam,OrthoMCL,OMA"
"Human","Mouse","BRD1","Brpf1","HGNC:1102","MGI:1926033","ENSG00000100425","ENSMUSG00000001632",23774,78783,"OrthoMCL"
"Human","Mouse","BRD1","Brpf3","HGNC:1102","MGI:2146836","ENSG00000100425","ENSMUSG00000063952",23774,268936,"OrthoMCL"
"Human","Mouse","CCBE1","Ccbe1","HGNC:29426","MGI:2445053","ENSG00000183287","ENSMUSG00000046318",147372,320924,"EggNOG,NCBI,Ensembl,Inparanoid,Panther,HomoloGene,Treefam,HGNC,OrthoDB,OrthoMCL,PhylomeDB,OMA"
"Human","Mouse","CCDC8","Ccdc8","HGNC:25367","MGI:3612184","ENSG00000169515","ENSMUSG00000041117",83987,434130,"EggNOG,NCBI,Ensembl,Inparanoid,Panther,HomoloGene,Treefam,HGNC,OrthoDB,OrthoMCL,PhylomeDB,OMA"
"Human","Mouse","CHN1","Chn1","HGNC:1943","MGI:1915674","ENSG00000128656","ENSMUSG00000056486",1123,108699,"HomoloGene,Panther,OrthoDB,Inparanoid,Ensembl,HGNC,Treefam,OrthoMCL,NCBI,EggNOG"
"Human","Mouse","CHN1","Chn2","HGNC:1943","MGI:1917243","ENSG00000128656","ENSMUSG00000004633",1123,69993,"OrthoDB,OrthoMCL"
"Human","Mouse","CITED2","Cited2","HGNC:1987","MGI:1306784","ENSG00000164442","ENSMUSG00000039910",10370,17684,"OrthoMCL,Treefam,HomoloGene,Panther,OMA,Ensembl,Inparanoid,NCBI,EggNOG,HGNC,OrthoDB"
"Human","Mouse","COQ7","Coq7","HGNC:2244","MGI:107207","ENSG00000167186","ENSMUSG00000030652",10229,12850,"EggNOG,NCBI,Ensembl,Inparanoid,Panther,OMA,PhylomeDB,HGNC,Treefam,OrthoDB,HomoloGene,OrthoMCL"
"Human","Mouse","CPOX","Cpox","HGNC:2321","MGI:104841","ENSG00000080819","ENSMUSG00000022742",1371,12892,"HomoloGene,OMA,PhylomeDB,OrthoMCL,Panther,Inparanoid,HGNC,OrthoDB,NCBI,Ensembl"
"Human","Mouse","CREBBP","Crebbp","HGNC:2348","MGI:1098280","ENSG00000005339","ENSMUSG00000022521",1387,12914,"EggNOG,Ensembl,NCBI,HomoloGene,OrthoMCL,Inparanoid,Panther,OrthoDB,HGNC,Treefam,OMA"
"Human","Mouse","CREBBP","Ep300","HGNC:2348","MGI:1276116","ENSG00000005339","ENSMUSG00000055024",1387,328572,"OrthoMCL"
"Human","Mouse","CUL7","Cul7","HGNC:21024","MGI:1913765","ENSG00000044090","ENSMUSG00000038545",9820,66515,"Panther,Inparanoid,Ensembl,OrthoMCL,NCBI,OMA,PhylomeDB,HomoloGene,HGNC,OrthoDB"
"Human","Mouse","CUL7","Cul9","HGNC:21024","MGI:1925559","ENSG00000044090","ENSMUSG00000040327",9820,78309,"OrthoMCL"
"Human","Mouse","DEAF1","Deaf1","HGNC:14677","MGI:1858496","ENSG00000177030","ENSMUSG00000058886",10522,54006,"Treefam,OrthoDB,OrthoMCL,EggNOG,NCBI,HGNC,HomoloGene,OMA,PhylomeDB,Panther,Inparanoid,Ensembl"
"Human","Mouse","DICER1","Dicer1","HGNC:17098","MGI:2177178","ENSG00000100697","ENSMUSG00000041415",23405,192119,"PhylomeDB,OMA,Panther,Inparanoid,Ensembl,OrthoMCL,NCBI,EggNOG,OrthoDB,HGNC,Treefam,HomoloGene"
"Human","Mouse","DLC1","Dlc1","HGNC:2897","MGI:1354949","ENSG00000164741","ENSMUSG00000031523",10395,50768,"OrthoDB,Treefam,HGNC,Ensembl,NCBI,EggNOG,Panther,HomoloGene,Inparanoid,OrthoMCL,OMA,PhylomeDB"
"Human","Mouse","DLC1","Stard13","HGNC:2897","MGI:2385331","ENSG00000164741","ENSMUSG00000016128",10395,243362,"OrthoMCL"
"Human","Mouse","DLC1","Stard8","HGNC:2897","MGI:2448556","ENSG00000164741","ENSMUSG00000031216",10395,236920,"OrthoMCL"
"Human","Mouse","DLX5","Dlx5","HGNC:2918","MGI:101926","ENSG00000105880","ENSMUSG00000029755",1749,13395,"NCBI,OrthoMCL,Inparanoid,Ensembl,HomoloGene,Panther,OMA,PhylomeDB,HGNC,OrthoDB"
"Human","Mouse","DLX6","Dlx6","HGNC:2919","MGI:101927","ENSG00000006377","ENSMUSG00000029754",1750,13396,"Inparanoid,Ensembl,NCBI,EggNOG,OrthoMCL,OrthoDB,OMA,PhylomeDB,Panther,HomoloGene,Treefam,HGNC"
"Human","Mouse","DNMT1","Dnmt1","HGNC:2976","MGI:94912","ENSG00000130816","ENSMUSG00000004099",1786,13433,"EggNOG,NCBI,Ensembl,Inparanoid,Panther,HomoloGene,HGNC,Treefam,OrthoDB,OrthoMCL,PhylomeDB,OMA"
"Human","Mouse","DNMT3B","Dnmt3b","HGNC:2979","MGI:1261819","ENSG00000088305","ENSMUSG00000027478",1789,13436,"EggNOG,NCBI,Ensembl,Inparanoid,Panther,HomoloGene,OrthoDB,Treefam,OrthoMCL,PhylomeDB,OMA"
"Human","Mouse","DNMT3B","Dnmt3a","HGNC:2979","MGI:1261827","ENSG00000088305","ENSMUSG00000020661",1789,13435,"OrthoMCL"
"Human","Mouse","DNMT3B","Dnmt3c","HGNC:2979","MGI:3649996","ENSG00000088305","ENSMUSG00000082079",1789,668932,"Ensembl"
"Human","Mouse","DNMT3L","Dnmt3l","HGNC:2980","MGI:1859287","ENSG00000142182","ENSMUSG00000000730",29947,54427,"NCBI,Ensembl,Inparanoid,Panther,HomoloGene,OrthoDB,Treefam,HGNC,OrthoMCL,PhylomeDB,OMA"
"Human","Mouse","EHMT1","Ehmt1","HGNC:24650","MGI:1924933","ENSG00000181090","ENSMUSG00000036893",79813,77683,"OrthoMCL,Treefam,OrthoDB,HGNC,Panther,Inparanoid,Ensembl,EggNOG,NCBI,OMA,PhylomeDB,HomoloGene"
"Human","Mouse","EHMT1","Ehmt2","HGNC:24650","MGI:2148922","ENSG00000181090","ENSMUSG00000013787",79813,110147,"OrthoMCL"
"Human","Mouse","EMG1","Emg1","HGNC:16912","MGI:1315195","ENSG00000126749","ENSMUSG00000004268",10436,14791,"PhylomeDB,OMA,Panther,Inparanoid,Ensembl,OrthoMCL,NCBI,EggNOG,HomoloGene,HGNC,OrthoDB"
"Human","Mouse","EP300","Ep300","HGNC:3373","MGI:1276116","ENSG00000100393","ENSMUSG00000055024",2033,328572,"EggNOG,NCBI,Ensembl,Inparanoid,Panther,HomoloGene,Treefam,OrthoDB,HGNC,OrthoMCL,PhylomeDB,OMA"
"Human","Mouse","EP300","Crebbp","HGNC:3373","MGI:1098280","ENSG00000100393","ENSMUSG00000022521",2033,12914,"OrthoMCL"
"Human","Mouse","ERF","Erf","HGNC:3444","MGI:109637","ENSG00000105722","ENSMUSG00000040857",2077,13875,"EggNOG,NCBI,Ensembl,Inparanoid,Panther,HomoloGene,Treefam,HGNC,OrthoDB,OrthoMCL,PhylomeDB,OMA"
"Human","Mouse","F2R","F2r","HGNC:3537","MGI:101802","ENSG00000181104","ENSMUSG00000048376",2149,14062,"EggNOG,NCBI,OrthoMCL,Ensembl,Inparanoid,Panther,OMA,PhylomeDB,HomoloGene,HGNC,Treefam,OrthoDB"
"Human","Mouse","FAT4","Fat4","HGNC:23109","MGI:3045256","ENSG00000196159","ENSMUSG00000046743",79633,329628,"OrthoMCL,OrthoDB,OMA,HGNC,Treefam,HomoloGene,EggNOG,NCBI,Inparanoid,Ensembl,Panther"
"Human","Mouse","FAT4","Cdh23","HGNC:23109","MGI:1890219","ENSG00000196159","ENSMUSG00000012819",79633,22295,"OrthoMCL"
"Human","Mouse","FAT4","Dchs1","HGNC:23109","MGI:2685011","ENSG00000196159","ENSMUSG00000036862",79633,233651,"OrthoMCL"
"Human","Mouse","FAT4","Dchs2","HGNC:23109","MGI:2685263","ENSG00000196159","ENSMUSG00000102692",79633,100534287,"OrthoMCL"
"Human","Mouse","FAT4","Fat1","HGNC:23109","MGI:109168","ENSG00000196159","ENSMUSG00000070047",79633,14107,"OrthoMCL"
"Human","Mouse","FAT4","Fat2","HGNC:23109","MGI:2685369","ENSG00000196159","ENSMUSG00000055333",79633,245827,"OrthoMCL"
"Human","Mouse","FAT4","Fat3","HGNC:23109","MGI:2444314","ENSG00000196159","ENSMUSG00000074505",79633,270120,"OrthoMCL"
"Human","Mouse","FBXW7","Fbxw7","HGNC:16712","MGI:1354695","ENSG00000109670","ENSMUSG00000028086",55294,50754,"HGNC,Panther,HomoloGene,Inparanoid,Ensembl,OrthoMCL,Treefam,OrthoDB,NCBI,EggNOG,PhylomeDB,OMA"
"Human","Mouse","FEN1","Fen1","HGNC:3650","MGI:102779","ENSG00000168496","ENSMUSG00000024742",2237,14156,"OMA,NCBI,EggNOG,OrthoDB,OrthoMCL,HGNC,Treefam,Inparanoid,Ensembl,Panther,HomoloGene"
"Human","Mouse","FGF8","Fgf8","HGNC:3686","MGI:99604","ENSG00000107831","ENSMUSG00000025219",2253,14179,"NCBI,EggNOG,OMA,PhylomeDB,HGNC,OrthoMCL,OrthoDB,Panther,HomoloGene,Ensembl,Inparanoid"
"Human","Mouse","FGFR1","Fgfr1","HGNC:3688","MGI:95522","ENSG00000077782","ENSMUSG00000031565",2260,14182,"HomoloGene,OrthoMCL,NCBI,EggNOG,Treefam,OrthoDB,HGNC,Inparanoid,Panther,Ensembl,OMA,PhylomeDB"
"Human","Mouse","FGFR1","Fgfr2","HGNC:3688","MGI:95523","ENSG00000077782","ENSMUSG00000030849",2260,14183,"OrthoMCL"
"Human","Mouse","FGFR1","Fgfr3","HGNC:3688","MGI:95524","ENSG00000077782","ENSMUSG00000054252",2260,14184,"OrthoMCL"
"Human","Mouse","FGFR1","Fgfr4","HGNC:3688","MGI:95525","ENSG00000077782","ENSMUSG00000005320",2260,14186,"OrthoMCL"
"Human","Mouse","FLNA","Flna","HGNC:3754","MGI:95556","ENSG00000196924","ENSMUSG00000031328",2316,192176,"OrthoMCL,OrthoDB,EggNOG,Ensembl,NCBI,HGNC,Treefam,Panther,HomoloGene,OMA,Inparanoid"
"Human","Mouse","FLNA","Flnb","HGNC:3754","MGI:2446089","ENSG00000196924","ENSMUSG00000025278",2316,286940,"OrthoMCL"
"Human","Mouse","FLNA","Flnc","HGNC:3754","MGI:95557","ENSG00000196924","ENSMUSG00000068699",2316,68794,"OrthoMCL"
"Human","Mouse","FLNB","Flnb","HGNC:3755","MGI:2446089","ENSG00000136068","ENSMUSG00000025278",2317,286940,"OrthoMCL,Inparanoid,Ensembl,Treefam,HGNC,OrthoDB,NCBI,EggNOG,OMA,Panther,HomoloGene"
"Human","Mouse","FLNB","Flna","HGNC:3755","MGI:95556","ENSG00000136068","ENSMUSG00000031328",2317,192176,"OrthoMCL"
"Human","Mouse","FLNB","Flnc","HGNC:3755","MGI:95557","ENSG00000136068","ENSMUSG00000068699",2317,68794,"OrthoMCL"
"Human","Mouse","FOXC2","Foxc2","HGNC:3801","MGI:1347481","ENSG00000176692","ENSMUSG00000046714",2303,14234,"HGNC,OrthoDB,OMA,PhylomeDB,Inparanoid,Panther,OrthoMCL,Ensembl,NCBI,HomoloGene"
"Human","Mouse","FRAS1","Fras1","HGNC:19185","MGI:2385368","ENSG00000138759","ENSMUSG00000034687",80144,231470,"NCBI,EggNOG,OrthoMCL,HGNC,OrthoDB,HomoloGene,Ensembl,Inparanoid,Panther,OMA"
"Human","Mouse","FRAS1","Frem1","HGNC:19185","MGI:2670972","ENSG00000138759","ENSMUSG00000059049",80144,329872,"OrthoMCL"
"Human","Mouse","FRAS1","Frem2","HGNC:19185","MGI:2444465","ENSG00000138759","ENSMUSG00000037016",80144,242022,"OrthoMCL"
"Human","Mouse","FRAS1","Frem3","HGNC:19185","MGI:2685641","ENSG00000138759","ENSMUSG00000042353",80144,333315,"OrthoMCL"
"Human","Mouse","FREM2","Frem2","HGNC:25396","MGI:2444465","ENSG00000150893","ENSMUSG00000037016",341640,242022,"OrthoMCL,Ensembl,EggNOG,NCBI,HomoloGene,Treefam,HGNC,OrthoDB,PhylomeDB,OMA,Panther,Inparanoid"
"Human","Mouse","FREM2","Fras1","HGNC:25396","MGI:2385368","ENSG00000150893","ENSMUSG00000034687",341640,231470,"OrthoMCL"
"Human","Mouse","FREM2","Frem1","HGNC:25396","MGI:2670972","ENSG00000150893","ENSMUSG00000059049",341640,329872,"OrthoMCL"
"Human","Mouse","FREM2","Frem3","HGNC:25396","MGI:2685641","ENSG00000150893","ENSMUSG00000042353",341640,333315,"OrthoMCL"
"Human","Mouse","GRHL2","Grhl2","HGNC:2799","MGI:2182543","ENSG00000083307","ENSMUSG00000022286",79977,252973,"OrthoMCL,HomoloGene,HGNC,OrthoDB,PhylomeDB,OMA,Panther,Inparanoid,NCBI,Ensembl"
"Human","Mouse","GRHL2","Grhl1","HGNC:2799","MGI:2182540","ENSG00000083307","ENSMUSG00000020656",79977,195733,"OrthoMCL"
"Human","Mouse","GRIP1","Grip1","HGNC:18708","MGI:1921303","ENSG00000155974","ENSMUSG00000034813",23426,74053,"NCBI,EggNOG,Treefam,OrthoDB,PhylomeDB,OMA,Panther,HomoloGene,HGNC,Ensembl,Inparanoid,OrthoMCL"
"Human","Mouse","GRIP1","Grip2","HGNC:18708","MGI:2681173","ENSG00000155974","ENSMUSG00000030098",23426,243547,"OrthoMCL"
"Human","Mouse","HIF1A","Hif1a","HGNC:4910","MGI:106918","ENSG00000100644","ENSMUSG00000021109",3091,15251,"Inparanoid,Ensembl,HGNC,OrthoDB,Treefam,OrthoMCL,Panther,HomoloGene,EggNOG,NCBI,OMA,PhylomeDB"
"Human","Mouse","HIRA","Hira","HGNC:4916","MGI:99430","ENSG00000100084","ENSMUSG00000022702",7290,15260,"EggNOG,NCBI,Ensembl,Inparanoid,Panther,HomoloGene,OrthoDB,Treefam,HGNC,OrthoMCL,PhylomeDB,OMA"
"Human","Mouse","IRF6","Irf6","HGNC:6121","MGI:1859211","ENSG00000117595","ENSMUSG00000026638",3664,54139,"HomoloGene,EggNOG,NCBI,OrthoMCL,OMA,Treefam,OrthoDB,HGNC,Panther,Inparanoid,Ensembl"
"Human","Mouse","JAG1","Jag1","HGNC:6188","MGI:1095416","ENSG00000101384","ENSMUSG00000027276",182,16449,"EggNOG,NCBI,Ensembl,Inparanoid,Panther,HomoloGene,HGNC,Treefam,OrthoDB,OrthoMCL,PhylomeDB,OMA"
"Human","Mouse","JAG1","Jag2","HGNC:6188","MGI:1098270","ENSG00000101384","ENSMUSG00000002799",182,16450,"OrthoMCL"
"Human","Mouse","KDM6A","Kdm6a","HGNC:12637","MGI:1095419","ENSG00000147050","ENSMUSG00000037369",7403,22289,"NCBI,OMA,PhylomeDB,OrthoMCL,HGNC,HomoloGene,Panther,Treefam,OrthoDB,Inparanoid,Ensembl"
"Human","Mouse","KDM6A","Uty","HGNC:12637","MGI:894810","ENSG00000147050","ENSMUSG00000068457",7403,22290,"OrthoMCL,Treefam,EggNOG,Panther"
"Human","Mouse","KITLG","Kitl","HGNC:6343","MGI:96974","ENSG00000049130","ENSMUSG00000019966",4254,17311,"HomoloGene,OrthoDB,HGNC,OrthoMCL,PhylomeDB,OMA,Ensembl,Panther,Inparanoid,NCBI"
"Human","Mouse","LARP7","Larp7","HGNC:24912","MGI:107634","ENSG00000174720","ENSMUSG00000027968",51574,28036,"HomoloGene,Inparanoid,Panther,OMA,PhylomeDB,OrthoMCL,Ensembl,NCBI,Treefam,HGNC,OrthoDB"
"Human","Mouse","LARP7","Larp7-ps","HGNC:24912","MGI:3650864","ENSG00000174720","ENSMUSG00000066107",51574,68280,"Ensembl,Treefam"
"Human","Mouse","LIAS","Lias","HGNC:16429","MGI:1934604","ENSG00000121897","ENSMUSG00000029199",11019,79464,"EggNOG,NCBI,OrthoMCL,PhylomeDB,OMA,HomoloGene,HGNC,Treefam,OrthoDB,Ensembl,Inparanoid,Panther"
"Human","Mouse","LMX1B","Lmx1b","HGNC:6654","MGI:1100513","ENSG00000136944","ENSMUSG00000038765",4010,16917,"HomoloGene,OrthoDB,Panther,Treefam,HGNC,OrthoMCL,Inparanoid,OMA,NCBI,Ensembl,EggNOG"
"Human","Mouse","MASP1","Masp1","HGNC:6901","MGI:88492","ENSG00000127241","ENSMUSG00000022887",5648,17174,"OrthoDB,HGNC,NCBI,EggNOG,PhylomeDB,OMA,Treefam,Ensembl,Inparanoid,Panther,OrthoMCL"
"Human","Mouse","MBD4","Mbd4","HGNC:6919","MGI:1333850","ENSG00000129071","ENSMUSG00000030322",8930,17193,"Treefam,HGNC,OrthoDB,Inparanoid,Ensembl,NCBI,EggNOG,PhylomeDB,OMA,HomoloGene,Panther,OrthoMCL"
"Human","Mouse","MED12","Med12","HGNC:11957","MGI:1926212","ENSG00000184634","ENSMUSG00000079487",9968,59024,"HomoloGene,HGNC,OrthoMCL,NCBI,EggNOG,OrthoDB,Treefam,OMA,Inparanoid,Ensembl,Panther"
"Human","Mouse","MED12","Med12l","HGNC:11957","MGI:2139916","ENSG00000184634","ENSMUSG00000056476",9968,329650,"OrthoMCL"
"Human","Mouse","MYC","Myc","HGNC:7553","MGI:97250","ENSG00000136997","ENSMUSG00000022346",4609,17869,"Ensembl,NCBI,OrthoDB,HGNC,Treefam,OrthoMCL,HomoloGene,Inparanoid,Panther,OMA,PhylomeDB"
"Human","Mouse","MYC","Bmyc","HGNC:7553","MGI:88184","ENSG00000136997","ENSMUSG00000049086",4609,107771,"Ensembl"
"Human","Mouse","NCKAP1","Nckap1","HGNC:7666","MGI:1355333","ENSG00000061676","ENSMUSG00000027002",10787,50884,"HomoloGene,Panther,PhylomeDB,OMA,OrthoDB,Treefam,HGNC,OrthoMCL,NCBI,EggNOG,Ensembl,Inparanoid"
"Human","Mouse","NCKAP1","Nckap1l","HGNC:7666","MGI:1926063","ENSG00000061676","ENSMUSG00000022488",10787,105855,"OrthoMCL"
"Human","Mouse","NOTCH2","Notch2","HGNC:7882","MGI:97364","ENSG00000134250","ENSMUSG00000027878",4853,18129,"OrthoMCL,Inparanoid,Ensembl,NCBI,OMA,PhylomeDB,HomoloGene,HGNC,OrthoDB,Treefam"
"Human","Mouse","NOTCH2","Notch1","HGNC:7882","MGI:97363","ENSG00000134250","ENSMUSG00000026923",4853,18128,"OrthoMCL"
"Human","Mouse","NOTCH2","Notch3","HGNC:7882","MGI:99460","ENSG00000134250","ENSMUSG00000038146",4853,18131,"OrthoMCL"
"Human","Mouse","NOTCH2","Notch4","HGNC:7882","MGI:107471","ENSG00000134250","ENSMUSG00000015468",4853,18132,"OrthoMCL"
"Human","Mouse","OBSL1","Obsl1","HGNC:29092","MGI:2138628","ENSG00000124006","ENSMUSG00000026211",23363,98733,"NCBI,EggNOG,Panther,OMA,PhylomeDB,Ensembl,Inparanoid,OrthoDB,HGNC,OrthoMCL"
"Human","Mouse","OBSL1","Hmcn1","HGNC:29092","MGI:2685047","ENSG00000124006","ENSMUSG00000066842",23363,545370,"OrthoMCL"
"Human","Mouse","OBSL1","Hmcn2","HGNC:29092","MGI:2677838","ENSG00000124006","ENSMUSG00000055632",23363,665700,"OrthoMCL"
"Human","Mouse","OBSL1","Obscn","HGNC:29092","MGI:2681862","ENSG00000124006","ENSMUSG00000061462",23363,380698,"OrthoMCL"
"Human","Mouse","OBSL1","Ttn","HGNC:29092","MGI:98864","ENSG00000124006","ENSMUSG00000051747",23363,22138,"OrthoMCL"
"Human","Mouse","OTX2","Otx2","HGNC:8522","MGI:97451","ENSG00000165588","ENSMUSG00000021848",5015,18424,"Ensembl,Inparanoid,OMA,PhylomeDB,OrthoDB,Panther,HomoloGene,Treefam,OrthoMCL,HGNC,NCBI,EggNOG"
"Human","Mouse","PALLD","Palld","HGNC:17068","MGI:1919583","ENSG00000129116","ENSMUSG00000058056",23022,72333,"OrthoDB,Treefam,OrthoMCL,PhylomeDB,OMA,NCBI,EggNOG,HGNC,HomoloGene,Ensembl,Inparanoid"
"Human","Mouse","PDGFC","Pdgfc","HGNC:8801","MGI:1859631","ENSG00000145431","ENSMUSG00000028019",56034,54635,"OrthoMCL,Inparanoid,Ensembl,HGNC,OrthoDB,OMA,PhylomeDB,Panther,Treefam,HomoloGene,NCBI,EggNOG"
"Human","Mouse","PHGDH","Phgdh","HGNC:8923","MGI:1355330","ENSG00000092621","ENSMUSG00000053398",26227,236539,"HGNC,Treefam,OrthoDB,HomoloGene,OrthoMCL,Panther,Inparanoid,Ensembl,OMA,PhylomeDB,EggNOG,NCBI"
"Human","Mouse","POLA1","Pola1","HGNC:9173","MGI:99660","ENSG00000101868","ENSMUSG00000006678",5422,18968,"HGNC,Treefam,OrthoDB,OMA,PhylomeDB,OrthoMCL,Inparanoid,HomoloGene,Panther,NCBI,Ensembl,EggNOG"
"Human","Mouse","PRRX1","Prrx1","HGNC:9142","MGI:97712","ENSG00000116132","ENSMUSG00000026586",5396,18933,"HGNC,Treefam,HomoloGene,Panther,Inparanoid,Ensembl,EggNOG,NCBI,PhylomeDB,OMA,OrthoMCL,OrthoDB"
"Human","Mouse","PRRX1","Prrx2","HGNC:9142","MGI:98218","ENSG00000116132","ENSMUSG00000039476",5396,20204,"OrthoDB"
"Human","Mouse","QKI","Qki","HGNC:21100","MGI:97837","ENSG00000112531","ENSMUSG00000062078",9444,19317,"Inparanoid,Ensembl,Panther,OrthoMCL,HGNC,Treefam,OrthoDB,HomoloGene,NCBI,EggNOG,OMA,PhylomeDB"
"Human","Mouse","RAB23","Rab23","HGNC:14263","MGI:99833","ENSG00000112210","ENSMUSG00000004768",51715,19335,"OrthoDB,OrthoMCL,HGNC,HomoloGene,Treefam,OMA,PhylomeDB,NCBI,EggNOG,Ensembl,Inparanoid,Panther"
"Human","Mouse","RBM8A","Rbm8a","HGNC:9905","MGI:1913129","ENSG00000265241","ENSMUSG00000038374",9939,60365,"Ensembl,NCBI,OMA,PhylomeDB,OrthoMCL,OrthoDB,HomoloGene,HGNC,Panther,Inparanoid"
"Human","Mouse","RBM8A","Rbm8a2","HGNC:9905","MGI:3612447","ENSG00000265241","ENSMUSG00000078184",9939,545388,"Panther,PhylomeDB,EggNOG,Ensembl"
"Human","Mouse","RECQL4","Recql4","HGNC:9949","MGI:1931028","ENSG00000160957","ENSMUSG00000033762",9401,79456,"HomoloGene,HGNC,OrthoMCL,OrthoDB,EggNOG,NCBI,OMA,PhylomeDB,Inparanoid,Panther,Ensembl"
"Human","Mouse","RIPK4","Ripk4","HGNC:496","MGI:1919638","ENSG00000183421","ENSMUSG00000005251",54101,72388,"EggNOG,NCBI,Ensembl,Inparanoid,Panther,HomoloGene,Treefam,HGNC,OrthoDB,OrthoMCL,PhylomeDB,OMA"
"Human","Mouse","RUNX2","Runx2","HGNC:10472","MGI:99829","ENSG00000124813","ENSMUSG00000039153",860,12393,"HomoloGene,HGNC,Panther,Inparanoid,Ensembl,NCBI,EggNOG,OrthoDB,OrthoMCL,OMA,PhylomeDB"
"Human","Mouse","SALL2","Sall2","HGNC:10526","MGI:1354373","ENSG00000165821","ENSMUSG00000049532",6297,50524,"HomoloGene,HGNC,Panther,OMA,OrthoDB,OrthoMCL,NCBI,EggNOG,Inparanoid,Ensembl"
"Human","Mouse","SALL4","Sall4","HGNC:15924","MGI:2139360","ENSG00000101115","ENSMUSG00000027547",57167,99377,"EggNOG,NCBI,Ensembl,Inparanoid,Panther,HomoloGene,Treefam,HGNC,OrthoDB,OrthoMCL,OMA"
"Human","Mouse","SEC23A","Sec23a","HGNC:10701","MGI:1349635","ENSG00000100934","ENSMUSG00000020986",10484,20334,"HGNC,Panther,HomoloGene,NCBI,PhylomeDB,OMA,OrthoMCL,Ensembl,Inparanoid,OrthoDB,Treefam"
"Human","Mouse","SEC23A","Sec23b","HGNC:10701","MGI:1350925","ENSG00000100934","ENSMUSG00000027429",10484,27054,"OrthoDB,OrthoMCL"
"Human","Mouse","SETD2","Setd2","HGNC:18420","MGI:1918177","ENSG00000181555","ENSMUSG00000044791",29072,235626,"EggNOG,NCBI,OrthoDB,Treefam,OrthoMCL,Inparanoid,Panther,Ensembl,OMA,HGNC,HomoloGene"
"Human","Mouse","SLC25A19","Slc25a19","HGNC:14409","MGI:1914533","ENSG00000125454","ENSMUSG00000020744",60386,67283,"HGNC,HomoloGene,OrthoMCL,NCBI,EggNOG,OrthoDB,Treefam,PhylomeDB,OMA,Ensembl,Inparanoid,Panther"
"Human","Mouse","SNX3","Snx3","HGNC:11174","MGI:1860188","ENSG00000112335","ENSMUSG00000019804",8724,54198,"Panther,Inparanoid,Ensembl,OrthoDB,Treefam,OrthoMCL,HGNC,HomoloGene,PhylomeDB,OMA,NCBI,EggNOG"
"Human","Mouse","SNX3","Snx12","HGNC:11174","MGI:1919331","ENSG00000112335","ENSMUSG00000046032",8724,55988,"OrthoDB"
"Human","Mouse","SP8","Sp8","HGNC:19196","MGI:2443471","ENSG00000164651","ENSMUSG00000048562",221833,320145,"OrthoDB,HGNC,Treefam,NCBI,EggNOG,OrthoMCL,HomoloGene,Inparanoid,Panther,Ensembl,PhylomeDB,OMA"
"Human","Mouse","SP8","Sp9","HGNC:19196","MGI:3574660","ENSG00000164651","ENSMUSG00000068859",221833,381373,"OrthoDB"
"Human","Mouse","SRD5A3","Srd5a3","HGNC:25812","MGI:1930252","ENSG00000128039","ENSMUSG00000029233",79644,57357,"Treefam,HGNC,OrthoDB,HomoloGene,Panther,EggNOG,NCBI,Ensembl,Inparanoid,OMA,PhylomeDB,OrthoMCL"
"Human","Mouse","TBC1D24","Tbc1d24","HGNC:29203","MGI:2443456","ENSG00000162065","ENSMUSG00000036473",57465,224617,"Panther,HomoloGene,HGNC,OrthoDB,NCBI,PhylomeDB,OMA,Ensembl,Inparanoid"
"Human","Mouse","TBC1D24","Unknown","HGNC:29203","","ENSG00000162065","ENSMUSG00000107169",57465,NA,"OrthoMCL"
"Human","Mouse","TCOF1","Tcof1","HGNC:11654","MGI:892003","ENSG00000070814","ENSMUSG00000024613",6949,21453,"Treefam,HomoloGene,HGNC,Panther,Ensembl,Inparanoid,OrthoMCL,OrthoDB,PhylomeDB,OMA,NCBI,EggNOG"
"Human","Mouse","TENM4","Tenm4","HGNC:29945","MGI:2447063","ENSG00000149256","ENSMUSG00000048078",26011,23966,"OrthoMCL,OMA,PhylomeDB,HGNC,Ensembl,Inparanoid,Panther,Treefam,HomoloGene,EggNOG,NCBI"
"Human","Mouse","TENM4","Tenm1","HGNC:29945","MGI:1345185","ENSG00000149256","ENSMUSG00000016150",26011,23963,"OrthoMCL"
"Human","Mouse","TENM4","Tenm2","HGNC:29945","MGI:1345184","ENSG00000149256","ENSMUSG00000049336",26011,23964,"OrthoMCL"
"Human","Mouse","TENM4","Tenm3","HGNC:29945","MGI:1345183","ENSG00000149256","ENSMUSG00000031561",26011,23965,"OrthoMCL"
"Human","Mouse","TFAP2A","Tfap2a","HGNC:11742","MGI:104671","ENSG00000137203","ENSMUSG00000021359",7020,21418,"HomoloGene,OrthoDB,HGNC,OrthoMCL,Inparanoid,Panther,Ensembl,OMA,PhylomeDB,NCBI"
"Human","Mouse","TFB1M","Tfb1m","HGNC:17037","MGI:2146851","ENSG00000029639","ENSMUSG00000036983",51106,224481,"Treefam,OrthoMCL,HGNC,HomoloGene,Panther,Ensembl,Inparanoid,EggNOG,NCBI,PhylomeDB,OMA"
"Human","Mouse","TFB1M","Tiam2","HGNC:17037","MGI:1344338","ENSG00000029639","ENSMUSG00000023800",51106,24001,"OrthoDB"
"Human","Mouse","TGFB1","Tgfb1","HGNC:11766","MGI:98725","ENSG00000105329","ENSMUSG00000002603",7040,21803,"EggNOG,NCBI,Ensembl,Inparanoid,Panther,HomoloGene,HGNC,Treefam,OrthoDB,OrthoMCL,PhylomeDB,OMA"
"Human","Mouse","TGFB2","Tgfb2","HGNC:11768","MGI:98726","ENSG00000092969","ENSMUSG00000039239",7042,21808,"Panther,HomoloGene,HGNC,Treefam,Inparanoid,Ensembl,OrthoMCL,NCBI,OMA,OrthoDB"
"Human","Mouse","TRPM6","Trpm6","HGNC:17995","MGI:2675603","ENSG00000119121","ENSMUSG00000024727",140803,225997,"OrthoMCL,Inparanoid,OrthoDB,Treefam,Ensembl,NCBI,EggNOG,Panther,HomoloGene,HGNC,OMA,PhylomeDB"
"Human","Mouse","TRPM6","Trpm1","HGNC:17995","MGI:1330305","ENSG00000119121","ENSMUSG00000030523",140803,17364,"OrthoMCL"
"Human","Mouse","TRPM6","Trpm3","HGNC:17995","MGI:2443101","ENSG00000119121","ENSMUSG00000052387",140803,226025,"OrthoMCL"
"Human","Mouse","TRPM6","Trpm7","HGNC:17995","MGI:1929996","ENSG00000119121","ENSMUSG00000027365",140803,58800,"OrthoMCL"
"Human","Mouse","TSC1","Tsc1","HGNC:12362","MGI:1929183","ENSG00000165699","ENSMUSG00000026812",7248,64930,"OMA,OrthoMCL,HomoloGene,HGNC,Ensembl,Inparanoid,Panther,NCBI,EggNOG,Treefam,OrthoDB"
"Human","Mouse","TSC2","Tsc2","HGNC:12363","MGI:102548","ENSG00000103197","ENSMUSG00000002496",7249,22084,"Treefam,OrthoDB,HGNC,Panther,HomoloGene,OMA,PhylomeDB,OrthoMCL,EggNOG,NCBI,Inparanoid,Ensembl"
"Human","Mouse","TWIST1","Twist1","HGNC:12428","MGI:98872","ENSG00000122691","ENSMUSG00000035799",7291,22160,"OrthoDB,Treefam,Ensembl,NCBI,EggNOG,OrthoMCL,OMA,PhylomeDB,HGNC,Panther,HomoloGene,Inparanoid"
"Human","Mouse","TWIST1","Twist2","HGNC:12428","MGI:104685","ENSG00000122691","ENSMUSG00000007805",7291,13345,"OrthoDB"
"Human","Mouse","USP9X","Usp9x","HGNC:12632","MGI:894681","ENSG00000124486","ENSMUSG00000031010",8239,22284,"OrthoMCL,Panther,HomoloGene,HGNC,Treefam,OrthoDB,OMA,NCBI,Inparanoid,Ensembl"
"Human","Mouse","USP9X","Usp9y","HGNC:12632","MGI:1313274","ENSG00000124486","ENSMUSG00000069044",8239,107868,"Panther,OrthoMCL,Treefam,EggNOG"
"Human","Mouse","USP9X","Usp24","HGNC:12632","MGI:1919936","ENSG00000124486","ENSMUSG00000028514",8239,329908,"OrthoMCL"
"Human","Mouse","ZEB1","Zeb1","HGNC:11642","MGI:1344313","ENSG00000148516","ENSMUSG00000024238",6935,21417,"OrthoMCL,NCBI,HGNC,HomoloGene,Panther,Inparanoid,Ensembl,OMA,PhylomeDB,OrthoDB"
"Human","Mouse","ZEB1","Zeb2","HGNC:11642","MGI:1344407","ENSG00000148516","ENSMUSG00000026872",6935,24136,"OrthoMCL"
"Human","Mouse","ZEB2","Zeb2","HGNC:14881","MGI:1344407","ENSG00000169554","ENSMUSG00000026872",9839,24136,"OrthoMCL,OrthoDB,Ensembl,Inparanoid,HGNC,HomoloGene,Panther,EggNOG,NCBI,OMA,Treefam"
"Human","Mouse","ZEB2","Zeb1","HGNC:14881","MGI:1344313","ENSG00000169554","ENSMUSG00000024238",9839,21417,"OrthoMCL"
"Human","Mouse","ZFP36L1","Zfp36l1","HGNC:1107","MGI:107946","ENSG00000185650","ENSMUSG00000021127",677,12192,"HomoloGene,HGNC,OrthoDB,Treefam,Panther,Ensembl,Inparanoid,OrthoMCL,EggNOG,NCBI,PhylomeDB,OMA"
"Human","Mouse","ZFP36L1","Zfp36l3","HGNC:1107","MGI:3525151","ENSG00000185650","ENSMUSG00000059334",677,333473,"Panther"
"Human","Mouse","BMP2","Bmp2","HGNC:1069","MGI:88177","ENSG00000125845","ENSMUSG00000027358",650,12156,"EggNOG,NCBI,Ensembl,Inparanoid,Panther,HomoloGene,HGNC,Treefam,OrthoDB,OrthoMCL,OMA"
"Human","Mouse","SKI","Ski","HGNC:10896","MGI:98310","ENSG00000157933","ENSMUSG00000029050",6497,20481,"OrthoDB,OrthoMCL,NCBI,EggNOG,Panther,Inparanoid,Ensembl,HGNC,Treefam,HomoloGene,OMA,PhylomeDB"
"Human","Mouse","ARL13B","Arl13b","HGNC:25419","MGI:1915396","ENSG00000169379","ENSMUSG00000022911",200894,68146,"HomoloGene,NCBI,EggNOG,OrthoDB,Treefam,HGNC,Ensembl,Panther,Inparanoid,OMA,OrthoMCL"
"Human","Mouse","ARL13B","Arl11","HGNC:25419","MGI:2444054","ENSG00000169379","ENSMUSG00000043157",200894,219144,"PhylomeDB"
"Human","Mouse","INPP5E","Inpp5e","HGNC:21474","MGI:1927753","ENSG00000148384","ENSMUSG00000026925",56623,64436,"EggNOG,Ensembl,NCBI,Inparanoid,Panther,HomoloGene,Treefam,OrthoDB,HGNC,OrthoMCL,PhylomeDB,OMA"
"Human","Mouse","IFT122","Ift122","HGNC:13556","MGI:1932386","ENSG00000163913","ENSMUSG00000030323",55764,81896,"OrthoMCL,Ensembl,Inparanoid,Panther,OrthoDB,Treefam,EggNOG,NCBI,HGNC,HomoloGene,OMA"
"Human","Mouse","IFT140","Ift140","HGNC:29077","MGI:2146906","ENSG00000187535","ENSMUSG00000024169",9742,106633,"NCBI,EggNOG,Ensembl,OMA,HGNC,OrthoDB,Treefam,HomoloGene,Inparanoid,Panther,OrthoMCL"
"Human","Mouse","IFT172","Ift172","HGNC:30391","MGI:2682064","ENSG00000138002","ENSMUSG00000038564",26160,67661,"HGNC,OrthoDB,Treefam,Ensembl,Panther,Inparanoid,OrthoMCL,EggNOG,NCBI,PhylomeDB,OMA,HomoloGene"
"Human","Mouse","MESP2","Mesp2","HGNC:29659","MGI:1096325","ENSG00000188095","ENSMUSG00000030543",145873,17293,"OrthoDB,OrthoMCL,Panther,HomoloGene,Treefam,HGNC,Ensembl,Inparanoid,OMA,PhylomeDB,NCBI,EggNOG"
"Human","Mouse","MESP2","Mesp1","HGNC:29659","MGI:107785","ENSG00000188095","ENSMUSG00000030544",145873,17292,"OrthoDB"
"Human","Mouse","TBX6","Tbx6","HGNC:11605","MGI:102539","ENSG00000149922","ENSMUSG00000030699",6911,21389,"NCBI,Treefam,HGNC,Panther,OrthoDB,HomoloGene,OrthoMCL,Inparanoid,Ensembl,OMA"
"Human","Mouse","DLL3","Dll3","HGNC:2909","MGI:1096877","ENSG00000090932","ENSMUSG00000003436",10683,13389,"EggNOG,NCBI,Ensembl,Inparanoid,Panther,HomoloGene,HGNC,Treefam,OrthoDB,OrthoMCL,PhylomeDB,OMA"
"Human","Mouse","HES7","Hes7","HGNC:15977","MGI:2135679","ENSG00000179111","ENSMUSG00000023781",84667,84653,"OMA,PhylomeDB,OrthoMCL,Treefam,OrthoDB,Ensembl,Panther,Inparanoid,EggNOG,NCBI,HomoloGene,HGNC"
"Human","Mouse","LFNG","Lfng","HGNC:6560","MGI:1095413","ENSG00000106003","ENSMUSG00000029570",3955,16848,"OrthoDB,HGNC,EggNOG,NCBI,Ensembl,Panther,Inparanoid,HomoloGene,Treefam,PhylomeDB,OMA,OrthoMCL"
"Human","Mouse","LFNG","Mfng","HGNC:6560","MGI:1095404","ENSG00000106003","ENSMUSG00000018169",3955,17305,"OrthoDB"
"Human","Mouse","LFNG","Rfng","HGNC:6560","MGI:894275","ENSG00000106003","ENSMUSG00000025158",3955,19719,"OrthoDB"
"Human","Mouse","TCTN2","Tctn2","HGNC:25774","MGI:1915228","ENSG00000168778","ENSMUSG00000118662",79867,67978,"OrthoDB,NCBI,OMA,PhylomeDB,Ensembl,Inparanoid,Panther,HomoloGene,HGNC"
"Human","Mouse","MSX2","Msx2","HGNC:7392","MGI:97169","ENSG00000120149","ENSMUSG00000021469",4488,17702,"Treefam,HGNC,Panther,Inparanoid,Ensembl,HomoloGene,PhylomeDB,OMA,NCBI,EggNOG,OrthoDB,OrthoMCL"
"Human","Mouse","SLC25A32","Slc25a32","HGNC:29683","MGI:1917156","ENSG00000164933","ENSMUSG00000022299",81034,69906,"HomoloGene,Panther,OrthoMCL,OrthoDB,HGNC,Treefam,EggNOG,NCBI,OMA,PhylomeDB,Ensembl,Inparanoid"
"Human","Mouse","PTCH2","Ptch2","HGNC:9586","MGI:1095405","ENSG00000117425","ENSMUSG00000028681",8643,19207,"OrthoMCL,HomoloGene,Treefam,OrthoDB,HGNC,EggNOG,NCBI,Inparanoid,Panther,Ensembl,PhylomeDB,OMA"
"Human","Mouse","PTCH2","Ptch1","HGNC:9586","MGI:105373","ENSG00000117425","ENSMUSG00000021466",8643,19206,"OrthoMCL"
"Human","Mouse","SUFU","Sufu","HGNC:16466","MGI:1345643","ENSG00000107882","ENSMUSG00000025231",51684,24069,"Inparanoid,OMA,PhylomeDB,OrthoDB,OrthoMCL,HGNC,Panther,HomoloGene,Ensembl,EggNOG,NCBI,Treefam"
"Human","Mouse","TULP3","Tulp3","HGNC:12425","MGI:1329045","ENSG00000078246","ENSMUSG00000001521",7289,22158,"Treefam,OrthoDB,OMA,PhylomeDB,OrthoMCL,Ensembl,Inparanoid,Panther,HomoloGene,HGNC,NCBI,EggNOG"
"Human","Mouse","ALX1","Alx1","HGNC:1494","MGI:104621","ENSG00000180318","ENSMUSG00000036602",8092,216285,"OrthoMCL,OrthoDB,PhylomeDB,OMA,Treefam,HomoloGene,HGNC,Panther,Inparanoid,EggNOG,NCBI,Ensembl"
"Human","Mouse","PDGFRA","Pdgfra","HGNC:8803","MGI:97530","ENSG00000134853","ENSMUSG00000029231",5156,18595,"EggNOG,Ensembl,NCBI,HGNC,Treefam,OrthoDB,OrthoMCL,Panther,Inparanoid,HomoloGene,PhylomeDB,OMA"
"Human","Mouse","PDGFRA","Pdgfrb","HGNC:8803","MGI:97531","ENSG00000134853","ENSMUSG00000024620",5156,18596,"OrthoMCL"
"Human","Mouse","ZIC3","Zic3","HGNC:12874","MGI:106676","ENSG00000156925","ENSMUSG00000067860",7547,22773,"Ensembl,NCBI,EggNOG,OrthoMCL,OrthoDB,Inparanoid,HGNC,Panther,HomoloGene,OMA,Treefam"
"Human","Mouse","NOG","Nog","HGNC:7866","MGI:104327","ENSG00000183691","ENSMUSG00000048616",9241,18121,"NCBI,EggNOG,OrthoMCL,Ensembl,Inparanoid,Panther,OMA,PhylomeDB,HomoloGene,HGNC,Treefam,OrthoDB"
"Human","Mouse","ZIC2","Zic2","HGNC:12873","MGI:106679","ENSG00000043355","ENSMUSG00000061524",7546,22772,"Inparanoid,Panther,HGNC,HomoloGene,OrthoMCL,Treefam,OrthoDB,OMA,PhylomeDB,NCBI,EggNOG,Ensembl"
"Human","Mouse","PTCH1","Ptch1","HGNC:9585","MGI:105373","ENSG00000185920","ENSMUSG00000021466",5727,19206,"OrthoDB,HGNC,Treefam,EggNOG,NCBI,OrthoMCL,PhylomeDB,OMA,Ensembl,Panther,Inparanoid,HomoloGene"
"Human","Mouse","PTCH1","Ptch2","HGNC:9585","MGI:1095405","ENSG00000185920","ENSMUSG00000028681",5727,19207,"OrthoMCL"
"Human","Mouse","MTR","Mtr","HGNC:7468","MGI:894292","ENSG00000116984","ENSMUSG00000021311",4548,238505,"HomoloGene,Panther,OrthoDB,HGNC,Treefam,EggNOG,NCBI,Ensembl,Inparanoid,PhylomeDB,OMA,OrthoMCL"
"Human","Mouse","MTRR","Mtrr","HGNC:7473","MGI:1891037","ENSG00000124275","ENSMUSG00000034617",4552,210009,"HGNC,OrthoDB,HomoloGene,Treefam,OrthoMCL,Ensembl,NCBI,EggNOG,Inparanoid,Panther,OMA,PhylomeDB"
"Human","Mouse","LRP6","Lrp6","HGNC:6698","MGI:1298218","ENSG00000070018","ENSMUSG00000030201",4040,16974,"OrthoMCL,OrthoDB,OMA,PhylomeDB,Inparanoid,HGNC,Treefam,Panther,HomoloGene,NCBI,EggNOG,Ensembl"
"Human","Mouse","LRP6","Lrp5","HGNC:6698","MGI:1278315","ENSG00000070018","ENSMUSG00000024913",4040,16973,"OrthoDB,OrthoMCL"
"Human","Mouse","LRP6","Gm19410","HGNC:6698","MGI:5011595","ENSG00000070018","ENSMUSG00000109372",4040,100502846,"OrthoMCL"
"Human","Mouse","LRP6","Lrp1","HGNC:6698","MGI:96828","ENSG00000070018","ENSMUSG00000040249",4040,16971,"OrthoMCL"
"Human","Mouse","LRP6","Lrp1b","HGNC:6698","MGI:2151136","ENSG00000070018","ENSMUSG00000049252",4040,94217,"OrthoMCL"
"Human","Mouse","LRP6","Lrp2","HGNC:6698","MGI:95794","ENSG00000070018","ENSMUSG00000027070",4040,14725,"OrthoMCL"
"Human","Mouse","LRP6","Lrp4","HGNC:6698","MGI:2442252","ENSG00000070018","ENSMUSG00000027253",4040,228357,"OrthoMCL"
"Human","Mouse","CYP26A1","Cyp26a1","HGNC:2603","MGI:1096359","ENSG00000095596","ENSMUSG00000024987",1592,13082,"EggNOG,NCBI,Ensembl,Panther,HomoloGene,Treefam,OMA,PhylomeDB,OrthoMCL,OrthoDB,HGNC,Inparanoid"
"Human","Mouse","APEX1","Apex1","HGNC:587","MGI:88042","ENSG00000100823","ENSMUSG00000035960",328,11792,"Panther,HomoloGene,OMA,PhylomeDB,Treefam,HGNC,OrthoDB,OrthoMCL,Ensembl,NCBI,EggNOG,Inparanoid"
"Human","Mouse","CUBN","Cubn","HGNC:2548","MGI:1931256","ENSG00000107611","ENSMUSG00000026726",8029,65969,"OrthoMCL,Treefam,HGNC,OrthoDB,Ensembl,NCBI,EggNOG,OMA,HomoloGene,Inparanoid"
"Human","Mouse","ERCC2","Ercc2","HGNC:3434","MGI:95413","ENSG00000104884","ENSMUSG00000030400",2068,13871,"EggNOG,NCBI,Ensembl,Inparanoid,Panther,HomoloGene,OrthoDB,HGNC,Treefam,OrthoMCL,OMA"
"Human","Mouse","LEP","Lep","HGNC:6553","MGI:104663","ENSG00000174697","ENSMUSG00000059201",3952,16846,"EggNOG,NCBI,Treefam,HGNC,OrthoDB,Inparanoid,Ensembl,HomoloGene,Panther,PhylomeDB,OMA,OrthoMCL"
"Human","Mouse","LEPR","Lepr","HGNC:6554","MGI:104993","ENSG00000116678","ENSMUSG00000057722",3953,16847,"OrthoMCL,Ensembl,Panther,Inparanoid,NCBI,EggNOG,Treefam,HGNC,OMA,PhylomeDB,HomoloGene,OrthoDB"
"Human","Mouse","NCAM1","Ncam1","HGNC:7656","MGI:97281","ENSG00000149294","ENSMUSG00000039542",4684,17967,"Ensembl,Inparanoid,HGNC,Treefam,OrthoMCL,OrthoDB,OMA,PhylomeDB,EggNOG,NCBI,Panther,HomoloGene"
"Human","Mouse","NCAM1","Ncam2","HGNC:7656","MGI:97282","ENSG00000149294","ENSMUSG00000022762",4684,17968,"OrthoMCL"
"Human","Mouse","NOS3","Nos3","HGNC:7876","MGI:97362","ENSG00000164867","ENSMUSG00000028978",4846,18127,"OrthoMCL,OMA,NCBI,EggNOG,HGNC,Treefam,OrthoDB,HomoloGene,Ensembl,Inparanoid,Panther"
"Human","Mouse","NOS3","Nos1","HGNC:7876","MGI:97360","ENSG00000164867","ENSMUSG00000029361",4846,18125,"OrthoMCL"
"Human","Mouse","NOS3","Nos2","HGNC:7876","MGI:97361","ENSG00000164867","ENSMUSG00000020826",4846,18126,"OrthoMCL"
"Human","Mouse","PCYT1A","Pcyt1a","HGNC:8754","MGI:88557","ENSG00000161217","ENSMUSG00000005615",5130,13026,"OMA,PhylomeDB,OrthoMCL,Ensembl,Inparanoid,EggNOG,NCBI,Treefam,HGNC,OrthoDB,HomoloGene,Panther"
"Human","Mouse","SARDH","Sardh","HGNC:10536","MGI:2183102","ENSG00000123453","ENSMUSG00000009614",1757,192166,"OrthoDB,NCBI,EggNOG,Inparanoid,Panther,Ensembl,OrthoMCL,HomoloGene,HGNC,Treefam,PhylomeDB,OMA"
"Human","Mouse","SLC2A1","Slc2a1","HGNC:11005","MGI:95755","ENSG00000117394","ENSMUSG00000028645",6513,20525,"OrthoMCL,Inparanoid,Ensembl,NCBI,EggNOG,Treefam,Panther,HomoloGene,HGNC,OrthoDB,OMA"
"Human","Mouse","SLC2A1","Slc2a3","HGNC:11005","MGI:95757","ENSG00000117394","ENSMUSG00000003153",6513,20527,"OrthoMCL"
"Human","Mouse","SOD1","Sod1","HGNC:11179","MGI:98351","ENSG00000142168","ENSMUSG00000022982",6647,20655,"EggNOG,NCBI,Ensembl,Inparanoid,Panther,HomoloGene,HGNC,Treefam,OrthoDB,OrthoMCL,PhylomeDB,OMA"
"Human","Mouse","SOD2","Sod2","HGNC:11180","MGI:98352","ENSG00000291237","ENSMUSG00000006818",6648,20656,"PhylomeDB,Inparanoid,Panther,Ensembl,HomoloGene,Treefam,HGNC"
"Human","Mouse","SOX18","Sox18","HGNC:11194","MGI:103559","ENSG00000203883","ENSMUSG00000046470",54345,20672,"EggNOG,NCBI,Ensembl,Inparanoid,Panther,HomoloGene,HGNC,OrthoDB,OrthoMCL,PhylomeDB,OMA"
"Human","Mouse","TXN2","Txn2","HGNC:17772","MGI:1929468","ENSG00000100348","ENSMUSG00000005354",25828,56551,"EggNOG,NCBI,Ensembl,Inparanoid,Panther,HomoloGene,Treefam,HGNC,OrthoDB,OrthoMCL,PhylomeDB,OMA"
"Human","Mouse","HK1","Hk1","HGNC:4922","MGI:96103","ENSG00000156515","ENSMUSG00000037012",3098,15275,"OrthoMCL,HGNC,OrthoDB,Inparanoid,Ensembl,OMA,HomoloGene,NCBI,EggNOG"
"Human","Mouse","HK1","Hk2","HGNC:4922","MGI:1315197","ENSG00000156515","ENSMUSG00000000628",3098,15277,"OrthoMCL"
"Human","Mouse","HK1","Hk3","HGNC:4922","MGI:2670962","ENSG00000156515","ENSMUSG00000025877",3098,212032,"OrthoMCL"
"Human","Mouse","HK1","Hkdc1","HGNC:4922","MGI:2384910","ENSG00000156515","ENSMUSG00000020080",3098,216019,"OrthoMCL"
"Human","Mouse","FOXC1","Foxc1","HGNC:3800","MGI:1347466","ENSG00000054598","ENSMUSG00000050295",2296,17300,"Panther,Inparanoid,HGNC,OrthoMCL,OrthoDB,HomoloGene,NCBI,Ensembl,OMA"
"Human","Mouse","MSX1","Msx1","HGNC:7391","MGI:97168","ENSG00000163132","ENSMUSG00000048450",4487,17701,"HomoloGene,OMA,Panther,Inparanoid,OrthoDB,OrthoMCL,NCBI,EggNOG,Ensembl,HGNC,Treefam"
"Human","Mouse","NDST1","Ndst1","HGNC:7680","MGI:104719","ENSG00000070614","ENSMUSG00000054008",3340,15531,"HGNC,OrthoDB,Ensembl,Inparanoid,OrthoMCL,Treefam,HomoloGene,Panther,OMA,PhylomeDB,EggNOG,NCBI"
"Human","Mouse","NDST1","Ndst2","HGNC:7680","MGI:97040","ENSG00000070614","ENSMUSG00000039308",3340,17423,"OrthoMCL"
"Human","Mouse","NDST1","Ndst3","HGNC:7680","MGI:1932544","ENSG00000070614","ENSMUSG00000027977",3340,83398,"OrthoMCL"
"Human","Mouse","NDST1","Ndst4","HGNC:7680","MGI:1932545","ENSG00000070614","ENSMUSG00000027971",3340,64580,"OrthoMCL"
"Human","Mouse","SLC40A1","Slc40a1","HGNC:10909","MGI:1315204","ENSG00000138449","ENSMUSG00000025993",30061,53945,"Inparanoid,Ensembl,Panther,NCBI,EggNOG,OrthoMCL,Treefam,HGNC,HomoloGene,OrthoDB,PhylomeDB,OMA"
"Human","Mouse","SPINT2","Spint2","HGNC:11247","MGI:1338031","ENSG00000167642","ENSMUSG00000074227",10653,20733,"NCBI,Ensembl,Inparanoid,Panther,HomoloGene,HGNC,Treefam,OrthoDB,OrthoMCL,PhylomeDB,OMA"
"Human","Mouse","RAC1","Rac1","HGNC:9801","MGI:97845","ENSG00000136238","ENSMUSG00000001847",5879,19353,"OrthoDB,HomoloGene,Panther,PhylomeDB,OMA,Inparanoid,Ensembl,HGNC,Treefam,NCBI,OrthoMCL"
"Human","Mouse","RAC1","Rac2","HGNC:9801","MGI:97846","ENSG00000136238","ENSMUSG00000033220",5879,19354,"OrthoDB"
"Human","Mouse","RAC1","Rac3","HGNC:9801","MGI:2180784","ENSG00000136238","ENSMUSG00000018012",5879,170758,"OrthoDB"
"Human","Mouse","MGAT1","Mgat1","HGNC:7044","MGI:96973","ENSG00000131446","ENSMUSG00000020346",4245,17308,"PhylomeDB,OMA,OrthoMCL,NCBI,EggNOG,HGNC,OrthoDB,Treefam,Ensembl,Inparanoid,HomoloGene,Panther"
"Human","Mouse","CDON","Cdon","HGNC:17104","MGI:1926387","ENSG00000064309","ENSMUSG00000038119",50937,57810,"Treefam,OMA,Ensembl,Panther,Inparanoid,OrthoMCL,OrthoDB,NCBI,EggNOG,HomoloGene,HGNC"
"Human","Mouse","GLI3","Gli3","HGNC:4319","MGI:95729","ENSG00000106571","ENSMUSG00000021318",2737,14634,"OrthoMCL,Inparanoid,Ensembl,Panther,OMA,PhylomeDB,HGNC,OrthoDB,NCBI,EggNOG,Treefam,HomoloGene"
"Human","Mouse","HHAT","Hhat","HGNC:18270","MGI:2444681","ENSG00000054392","ENSMUSG00000037375",55733,226861,"HGNC,HomoloGene,OrthoMCL,Panther,Inparanoid,Ensembl,NCBI,EggNOG,PhylomeDB,OMA,Treefam,OrthoDB"
"Human","Mouse","KIF7","Kif7","HGNC:30497","MGI:1098239","ENSG00000166813","ENSMUSG00000050382",374654,16576,"OMA,NCBI,EggNOG,HomoloGene,Panther,Ensembl,Inparanoid,Treefam,HGNC,OrthoDB,OrthoMCL"
"Human","Mouse","KIF7","Kif27","HGNC:30497","MGI:1922300","ENSG00000166813","ENSMUSG00000060176",374654,75050,"OrthoMCL"
"Human","Mouse","SHH","Shh","HGNC:10848","MGI:98297","ENSG00000164690","ENSMUSG00000002633",6469,20423,"HomoloGene,HGNC,Panther,OrthoMCL,OrthoDB,PhylomeDB,OMA,NCBI,EggNOG,Ensembl,Inparanoid,Treefam"
"Human","Mouse","FOLR1","Folr1","HGNC:3791","MGI:95568","ENSG00000110195","ENSMUSG00000001827",2348,14275,"HomoloGene,Ensembl,Inparanoid,Panther,OrthoDB,HGNC,OrthoMCL,Treefam,EggNOG,NCBI,OMA"
"Human","Mouse","FOLR1","Folr2","HGNC:3791","MGI:95569","ENSG00000110195","ENSMUSG00000032725",2348,14276,"OrthoDB"
"Human","Mouse","NAT2","Nat1","HGNC:7646","MGI:97279","ENSG00000156006","ENSMUSG00000025588",10,17960,"PhylomeDB,OMA,Ensembl,OrthoDB,HGNC,Treefam,Panther,HomoloGene"
"Human","Mouse","NAT2","Nat2","HGNC:7646","MGI:109201","ENSG00000156006","ENSMUSG00000051147",10,17961,"Ensembl,Panther,Treefam,HGNC,OrthoDB,PhylomeDB"
"Human","Mouse","NAT2","Nat3","HGNC:7646","MGI:102537","ENSG00000156006","ENSMUSG00000056426",10,17962,"Treefam,Panther,PhylomeDB,OrthoDB,HGNC,Ensembl"
"Human","Mouse","ALDH1A2","Aldh1a2","HGNC:15472","MGI:107928","ENSG00000128918","ENSMUSG00000013584",8854,19378,"PhylomeDB,OMA,OrthoMCL,Inparanoid,Panther,OrthoDB,Treefam,HGNC,HomoloGene,Ensembl,NCBI,EggNOG"
"Human","Mouse","ALDH1A2","Aldh1a1","HGNC:15472","MGI:1353450","ENSG00000128918","ENSMUSG00000053279",8854,11668,"OrthoMCL"
"Human","Mouse","ALDH1A2","Aldh1a3","HGNC:15472","MGI:1861722","ENSG00000128918","ENSMUSG00000015134",8854,56847,"OrthoMCL"
"Human","Mouse","ALDH1A2","Aldh1a7","HGNC:15472","MGI:1347050","ENSG00000128918","ENSMUSG00000024747",8854,26358,"OrthoMCL"
"Human","Mouse","ALDH1A2","Aldh1b1","HGNC:15472","MGI:1919785","ENSG00000128918","ENSMUSG00000035561",8854,72535,"OrthoMCL"
"Human","Mouse","ALDH1A2","Aldh2","HGNC:15472","MGI:99600","ENSG00000128918","ENSMUSG00000029455",8854,11669,"OrthoMCL"
"Human","Mouse","CDKN1A","Cdkn1a","HGNC:1784","MGI:104556","ENSG00000124762","ENSMUSG00000023067",1026,12575,"OrthoMCL,HGNC,HomoloGene,Treefam,OrthoDB,Panther,Inparanoid,Ensembl,NCBI,EggNOG,PhylomeDB,OMA"
"Human","Mouse","PKHD1","Pkhd1","HGNC:9016","MGI:2155808","ENSG00000170927","ENSMUSG00000043760",5314,241035,"OrthoMCL,Inparanoid,Ensembl,NCBI,EggNOG,HGNC,Treefam,OrthoDB,OMA,HomoloGene,Panther"
"Human","Mouse","PKHD1","Pkhd1l1","HGNC:9016","MGI:2183153","ENSG00000170927","ENSMUSG00000038725",5314,192190,"OrthoMCL"
